요일구분,K,MCS,방문순서,충전소명,station_key,시간대,time_window_start,time_window_end,arrival_time,service_start,service_end,service_minutes,발생횟수,발생비율_%,profit,위도,경도,from_station_key
평일,1,1,1,훈련원공원 노상공영주차장,훈련원공원,08시,08:38,09:43,08:38,08:38,09:23,45,114,46.2,46.2,37.56692913,127.0043893,청계3_코리아몰앞
평일,1,1,2,청계3 노상공영주차장(코리아몰 앞),청계3_코리아몰앞,09시,09:29,09:59,09:29,09:29,09:59,30,86,34.8,34.8,37.56896427,127.0020909,훈련원공원
평일,1,1,3,기업은행 무교지점 앞 가로등형 충전소,기업은행_무교지점,10시,10:31,11:27,10:31,10:31,11:16,45,114,46.2,46.2,37.56762877,126.9795662,청계3_코리아몰앞
평일,1,1,4,훈련원공원 노상공영주차장,훈련원공원,11시,11:34,12:17,11:34,11:34,12:17,43,126,51.0,51.0,37.56692913,127.0043893,기업은행_무교지점
평일,1,1,5,훈련원공원 노상공영주차장,훈련원공원,12시,12:28,13:10,12:28,12:28,13:10,42,181,73.3,73.3,37.56692913,127.0043893,훈련원공원
평일,1,1,6,훈련원공원 노상공영주차장,훈련원공원,13시,13:27,14:02,13:27,13:27,14:02,35,141,57.1,57.1,37.56692913,127.0043893,훈련원공원
평일,1,1,7,훈련원공원 노상공영주차장,훈련원공원,14시,14:27,14:59,14:27,14:27,14:59,32,139,56.3,56.3,37.56692913,127.0043893,훈련원공원
평일,1,1,8,훈련원공원 노상공영주차장,훈련원공원,15시,15:33,16:20,15:35,15:35,16:20,45,166,67.2,67.2,37.56692913,127.0043893,훈련원공원
평일,1,1,9,훈련원공원 노상공영주차장,훈련원공원,16시,16:23,17:15,16:30,16:30,17:15,45,113,45.7,45.7,37.56692913,127.0043893,훈련원공원
평일,1,1,10,훈련원공원 노상공영주차장,훈련원공원,17시,17:25,18:13,17:28,17:28,18:13,45,101,40.9,40.9,37.56692913,127.0043893,훈련원공원
평일,1,1,11,훈련원공원 노상공영주차장,훈련원공원,18시,18:30,19:16,18:31,18:31,19:16,45,101,40.9,40.9,37.56692913,127.0043893,훈련원공원
평일,2,1,1,훈련원공원 노상공영주차장,훈련원공원,08시,08:38,09:43,08:38,08:38,09:23,45,114,46.2,46.2,37.56692913,127.0043893,청계3_코리아몰앞
평일,2,1,2,청계3 노상공영주차장(코리아몰 앞),청계3_코리아몰앞,09시,09:29,09:59,09:29,09:29,09:59,30,86,34.8,34.8,37.56896427,127.0020909,훈련원공원
평일,2,1,3,을지로 노상공영주차장(신한은행 앞),을지로_신한은행앞,10시,10:26,10:52,10:26,10:26,10:52,26,96,38.9,38.9,37.56710245,127.0017882,청계3_코리아몰앞
평일,2,1,4,을지로 노상공영주차장(하나은행 앞),을지로_하나은행앞,11시,11:27,11:58,11:27,11:27,11:58,31,122,49.4,49.4,37.56680167,126.9966063,을지로_신한은행앞
평일,2,1,5,기업은행 무교지점 앞 가로등형 충전소,기업은행_무교지점,12시,12:28,13:10,12:28,12:28,13:10,42,128,51.8,51.8,37.56762877,126.9795662,을지로_하나은행앞
평일,2,1,6,훈련원공원 노상공영주차장,훈련원공원,13시,13:27,14:02,13:27,13:27,14:02,35,141,57.1,57.1,37.56692913,127.0043893,기업은행_무교지점
평일,2,1,7,훈련원공원 노상공영주차장,훈련원공원,14시,14:27,14:59,14:27,14:27,14:59,32,139,56.3,56.3,37.56692913,127.0043893,훈련원공원
평일,2,1,8,훈련원공원 노상공영주차장,훈련원공원,15시,15:33,16:20,15:35,15:35,16:20,45,166,67.2,67.2,37.56692913,127.0043893,훈련원공원
평일,2,1,9,훈련원공원 노상공영주차장,훈련원공원,16시,16:23,17:15,16:30,16:30,17:15,45,113,45.7,45.7,37.56692913,127.0043893,훈련원공원
평일,2,1,10,훈련원공원 노상공영주차장,훈련원공원,17시,17:25,18:13,17:28,17:28,18:13,45,101,40.9,40.9,37.56692913,127.0043893,훈련원공원
평일,2,1,11,훈련원공원 노상공영주차장,훈련원공원,18시,18:30,19:16,18:31,18:31,19:16,45,101,40.9,40.9,37.56692913,127.0043893,훈련원공원
평일,2,2,1,훈련원공원 노상공영주차장,훈련원공원,09시,09:17,10:07,09:17,09:17,10:02,45,126,51.0,51.0,37.56692913,127.0043893,청계3_코리아몰앞
평일,2,2,2,기업은행 무교지점 앞 가로등형 충전소,기업은행_무교지점,10시,10:31,11:27,10:31,10:31,11:16,45,114,46.2,46.2,37.56762877,126.9795662,훈련원공원
평일,2,2,3,훈련원공원 노상공영주차장,훈련원공원,11시,11:34,12:17,11:34,11:34,12:17,43,126,51.0,51.0,37.56692913,127.0043893,기업은행_무교지점
평일,2,2,4,훈련원공원 노상공영주차장,훈련원공원,12시,12:28,13:10,12:28,12:28,13:10,42,181,73.3,73.3,37.56692913,127.0043893,훈련원공원
평일,2,2,5,청계3 노상공영주차장(코리아몰 앞),청계3_코리아몰앞,13시,13:25,13:56,13:25,13:25,13:56,31,112,45.3,45.3,37.56896427,127.0020909,훈련원공원
평일,2,2,6,을지로 노상공영주차장(하나은행 앞),을지로_하나은행앞,14시,14:31,15:03,14:31,14:31,15:03,32,125,50.6,50.6,37.56680167,126.9966063,청계3_코리아몰앞
평일,2,2,7,청계3 노상공영주차장(코리아몰 앞),청계3_코리아몰앞,15시,15:28,15:58,15:28,15:28,15:58,30,108,43.7,43.7,37.56896427,127.0020909,을지로_하나은행앞
평일,2,2,8,을지로 노상공영주차장(하나은행 앞),을지로_하나은행앞,16시,16:28,17:02,16:29,16:29,17:02,33,100,40.5,40.5,37.56680167,126.9966063,청계3_코리아몰앞
평일,3,1,1,훈련원공원 노상공영주차장,훈련원공원,08시,08:38,09:43,08:38,08:38,09:23,45,114,46.2,46.2,37.56692913,127.0043893,청계3_코리아몰앞
평일,3,1,2,청계3 노상공영주차장(코리아몰 앞),청계3_코리아몰앞,09시,09:29,09:59,09:29,09:29,09:59,30,86,34.8,34.8,37.56896427,127.0020909,훈련원공원
평일,3,1,3,을지로 노상공영주차장(신한은행 앞),을지로_신한은행앞,10시,10:26,10:52,10:26,10:26,10:52,26,96,38.9,38.9,37.56710245,127.0017882,청계3_코리아몰앞
평일,3,1,4,을지로 노상공영주차장(하나은행 앞),을지로_하나은행앞,11시,11:27,11:58,11:27,11:27,11:58,31,122,49.4,49.4,37.56680167,126.9966063,을지로_신한은행앞
평일,3,1,5,청계3 노상공영주차장(코리아몰 앞),청계3_코리아몰앞,12시,12:33,13:10,12:33,12:33,13:10,37,121,49.0,49.0,37.56896427,127.0020909,을지로_하나은행앞
평일,3,1,6,훈련원공원 노상공영주차장,훈련원공원,13시,13:27,14:02,13:27,13:27,14:02,35,141,57.1,57.1,37.56692913,127.0043893,청계3_코리아몰앞
평일,3,1,7,훈련원공원 노상공영주차장,훈련원공원,14시,14:27,14:59,14:27,14:27,14:59,32,139,56.3,56.3,37.56692913,127.0043893,훈련원공원
평일,3,1,8,훈련원공원 노상공영주차장,훈련원공원,15시,15:33,16:20,15:35,15:35,16:20,45,166,67.2,67.2,37.56692913,127.0043893,훈련원공원
평일,3,1,9,을지로 노상공영주차장(하나은행 앞),을지로_하나은행앞,16시,16:28,17:02,16:29,16:29,17:02,33,100,40.5,40.5,37.56680167,126.9966063,훈련원공원
평일,3,1,10,훈련원공원 노상공영주차장,훈련원공원,17시,17:25,18:13,17:28,17:28,18:13,45,101,40.9,40.9,37.56692913,127.0043893,을지로_하나은행앞
평일,3,1,11,훈련원공원 노상공영주차장,훈련원공원,18시,18:30,19:16,18:31,18:31,19:16,45,101,40.9,40.9,37.56692913,127.0043893,훈련원공원
평일,3,2,1,훈련원공원 노상공영주차장,훈련원공원,09시,09:17,10:07,09:17,09:17,10:02,45,126,51.0,51.0,37.56692913,127.0043893,청계3_코리아몰앞
평일,3,2,2,기업은행 무교지점 앞 가로등형 충전소,기업은행_무교지점,10시,10:31,11:27,10:31,10:31,11:16,45,114,46.2,46.2,37.56762877,126.9795662,훈련원공원
평일,3,2,3,훈련원공원 노상공영주차장,훈련원공원,11시,11:34,12:17,11:34,11:34,12:17,43,126,51.0,51.0,37.56692913,127.0043893,기업은행_무교지점
평일,3,2,4,훈련원공원 노상공영주차장,훈련원공원,12시,12:28,13:10,12:28,12:28,13:10,42,181,73.3,73.3,37.56692913,127.0043893,훈련원공원
평일,3,2,5,청계3 노상공영주차장(코리아몰 앞),청계3_코리아몰앞,13시,13:25,13:56,13:25,13:25,13:56,31,112,45.3,45.3,37.56896427,127.0020909,훈련원공원
평일,3,2,6,청계3 노상공영주차장(코리아몰 앞),청계3_코리아몰앞,14시,14:34,15:02,14:34,14:34,15:02,28,121,49.0,49.0,37.56896427,127.0020909,청계3_코리아몰앞
평일,3,2,7,을지로 노상공영주차장(신한은행 앞),을지로_신한은행앞,15시,15:32,15:54,15:32,15:32,15:54,22,103,41.7,41.7,37.56710245,127.0017882,청계3_코리아몰앞
평일,3,2,8,훈련원공원 노상공영주차장,훈련원공원,16시,16:23,17:15,16:30,16:30,17:15,45,113,45.7,45.7,37.56692913,127.0043893,을지로_신한은행앞
평일,3,3,1,을지로 노상공영주차장(하나은행 앞),을지로_하나은행앞,09시,09:39,10:14,09:39,09:39,10:14,35,83,33.6,33.6,37.56680167,126.9966063,청계3_코리아몰앞
평일,3,3,2,을지로 노상공영주차장(하나은행 앞),을지로_하나은행앞,10시,10:29,11:02,10:29,10:29,11:02,33,94,38.1,38.1,37.56680167,126.9966063,을지로_하나은행앞
평일,3,3,3,을지로 노상공영주차장(신한은행 앞),을지로_신한은행앞,11시,11:30,11:52,11:30,11:30,11:52,22,108,43.7,43.7,37.56710245,127.0017882,을지로_하나은행앞
평일,3,3,4,기업은행 무교지점 앞 가로등형 충전소,기업은행_무교지점,12시,12:28,13:10,12:28,12:28,13:10,42,128,51.8,51.8,37.56762877,126.9795662,을지로_신한은행앞
평일,3,3,5,을지로 노상공영주차장(신한은행 앞),을지로_신한은행앞,13시,13:23,13:49,13:23,13:23,13:49,26,111,44.9,44.9,37.56710245,127.0017882,기업은행_무교지점
평일,3,3,6,을지로 노상공영주차장(하나은행 앞),을지로_하나은행앞,14시,14:31,15:03,14:31,14:31,15:03,32,125,50.6,50.6,37.56680167,126.9966063,을지로_신한은행앞
평일,3,3,7,청계3 노상공영주차장(코리아몰 앞),청계3_코리아몰앞,15시,15:28,15:58,15:28,15:28,15:58,30,108,43.7,43.7,37.56896427,127.0020909,을지로_하나은행앞
평일,3,3,8,청계3 노상공영주차장(코리아몰 앞),청계3_코리아몰앞,16시,16:29,16:52,16:29,16:29,16:52,23,88,35.6,35.6,37.56896427,127.0020909,청계3_코리아몰앞
평일,4,1,1,훈련원공원 노상공영주차장,훈련원공원,09시,09:17,10:07,09:17,09:17,10:02,45,126,51.0,51.0,37.56692913,127.0043893,청계3_코리아몰앞
평일,4,1,2,을지로 노상공영주차장(하나은행 앞),을지로_하나은행앞,10시,10:29,11:02,10:29,10:29,11:02,33,94,38.1,38.1,37.56680167,126.9966063,훈련원공원
평일,4,1,3,훈련원공원 노상공영주차장,훈련원공원,11시,11:34,12:17,11:34,11:34,12:17,43,126,51.0,51.0,37.56692913,127.0043893,을지로_하나은행앞
평일,4,1,4,훈련원공원 노상공영주차장,훈련원공원,12시,12:28,13:10,12:28,12:28,13:10,42,181,73.3,73.3,37.56692913,127.0043893,훈련원공원
평일,4,1,5,을지로 노상공영주차장(신한은행 앞),을지로_신한은행앞,13시,13:23,13:49,13:23,13:23,13:49,26,111,44.9,44.9,37.56710245,127.0017882,훈련원공원
평일,4,1,6,기업은행 무교지점 앞 가로등형 충전소,기업은행_무교지점,14시,14:31,15:00,14:32,14:32,15:00,28,112,45.3,45.3,37.56762877,126.9795662,을지로_신한은행앞
평일,4,1,7,훈련원공원 노상공영주차장,훈련원공원,15시,15:33,16:20,15:35,15:35,16:20,45,166,67.2,67.2,37.56692913,127.0043893,기업은행_무교지점
평일,4,1,8,훈련원공원 노상공영주차장,훈련원공원,16시,16:23,17:15,16:30,16:30,17:15,45,113,45.7,45.7,37.56692913,127.0043893,훈련원공원
평일,4,1,9,훈련원공원 노상공영주차장,훈련원공원,17시,17:25,18:13,17:28,17:28,18:13,45,101,40.9,40.9,37.56692913,127.0043893,훈련원공원
평일,4,1,10,훈련원공원 노상공영주차장,훈련원공원,18시,18:30,19:16,18:31,18:31,19:16,45,101,40.9,40.9,37.56692913,127.0043893,훈련원공원
평일,4,2,1,청계3 노상공영주차장(코리아몰 앞),청계3_코리아몰앞,09시,09:29,09:59,09:29,09:29,09:59,30,86,34.8,34.8,37.56896427,127.0020909,청계3_코리아몰앞
평일,4,2,2,을지로 노상공영주차장(신한은행 앞),을지로_신한은행앞,10시,10:26,10:52,10:26,10:26,10:52,26,96,38.9,38.9,37.56710245,127.0017882,청계3_코리아몰앞
평일,4,2,3,을지로 노상공영주차장(하나은행 앞),을지로_하나은행앞,11시,11:27,11:58,11:27,11:27,11:58,31,122,49.4,49.4,37.56680167,126.9966063,을지로_신한은행앞
평일,4,2,4,을지로 노상공영주차장(신한은행 앞),을지로_신한은행앞,12시,12:30,13:02,12:30,12:30,13:02,32,119,48.2,48.2,37.56710245,127.0017882,을지로_하나은행앞
평일,4,2,5,청계3 노상공영주차장(코리아몰 앞),청계3_코리아몰앞,13시,13:25,13:56,13:25,13:25,13:56,31,112,45.3,45.3,37.56896427,127.0020909,을지로_신한은행앞
평일,4,2,6,훈련원공원 노상공영주차장,훈련원공원,14시,14:27,14:59,14:27,14:27,14:59,32,139,56.3,56.3,37.56692913,127.0043893,청계3_코리아몰앞
평일,4,2,7,을지로 노상공영주차장(신한은행 앞),을지로_신한은행앞,15시,15:32,15:54,15:32,15:32,15:54,22,103,41.7,41.7,37.56710245,127.0017882,훈련원공원
평일,4,2,8,을지로 노상공영주차장(하나은행 앞),을지로_하나은행앞,16시,16:28,17:02,16:29,16:29,17:02,33,100,40.5,40.5,37.56680167,126.9966063,을지로_신한은행앞
평일,4,3,1,훈련원공원 노상공영주차장,훈련원공원,08시,08:38,09:43,08:38,08:38,09:23,45,114,46.2,46.2,37.56692913,127.0043893,청계3_코리아몰앞
평일,4,3,2,을지로 노상공영주차장(하나은행 앞),을지로_하나은행앞,09시,09:39,10:14,09:39,09:39,10:14,35,83,33.6,33.6,37.56680167,126.9966063,훈련원공원
평일,4,3,3,기업은행 무교지점 앞 가로등형 충전소,기업은행_무교지점,10시,10:31,11:27,10:31,10:31,11:16,45,114,46.2,46.2,37.56762877,126.9795662,을지로_하나은행앞
평일,4,3,4,을지로 노상공영주차장(신한은행 앞),을지로_신한은행앞,11시,11:30,11:52,11:30,11:30,11:52,22,108,43.7,43.7,37.56710245,127.0017882,기업은행_무교지점
평일,4,3,5,기업은행 무교지점 앞 가로등형 충전소,기업은행_무교지점,12시,12:28,13:10,12:28,12:28,13:10,42,128,51.8,51.8,37.56762877,126.9795662,을지로_신한은행앞
평일,4,3,6,훈련원공원 노상공영주차장,훈련원공원,13시,13:27,14:02,13:27,13:27,14:02,35,141,57.1,57.1,37.56692913,127.0043893,기업은행_무교지점
평일,4,3,7,청계3 노상공영주차장(코리아몰 앞),청계3_코리아몰앞,14시,14:34,15:02,14:34,14:34,15:02,28,121,49.0,49.0,37.56896427,127.0020909,훈련원공원
평일,4,3,8,청계3 노상공영주차장(코리아몰 앞),청계3_코리아몰앞,15시,15:28,15:58,15:28,15:28,15:58,30,108,43.7,43.7,37.56896427,127.0020909,청계3_코리아몰앞
평일,4,3,9,을지로 노상공영주차장(신한은행 앞),을지로_신한은행앞,16시,16:26,16:46,16:26,16:26,16:46,20,81,32.8,32.8,37.56710245,127.0017882,청계3_코리아몰앞
평일,4,4,1,훈련원공원 노상공영주차장,훈련원공원,10시,10:36,11:12,10:36,10:36,11:12,36,86,34.8,34.8,37.56692913,127.0043893,청계3_코리아몰앞
평일,4,4,2,청계3 노상공영주차장(코리아몰 앞),청계3_코리아몰앞,11시,11:30,12:18,11:32,11:32,12:17,45,107,43.3,43.3,37.56896427,127.0020909,훈련원공원
평일,4,4,3,청계3 노상공영주차장(코리아몰 앞),청계3_코리아몰앞,12시,12:33,13:10,12:33,12:33,13:10,37,121,49.0,49.0,37.56896427,127.0020909,청계3_코리아몰앞
평일,4,4,4,을지로 노상공영주차장(하나은행 앞),을지로_하나은행앞,13시,13:26,13:54,13:26,13:26,13:54,28,109,44.1,44.1,37.56680167,126.9966063,청계3_코리아몰앞
평일,4,4,5,을지로 노상공영주차장(하나은행 앞),을지로_하나은행앞,14시,14:31,15:03,14:31,14:31,15:03,32,125,50.6,50.6,37.56680167,126.9966063,을지로_하나은행앞
평일,4,4,6,을지로 노상공영주차장(하나은행 앞),을지로_하나은행앞,15시,15:29,15:59,15:29,15:29,15:59,30,89,36.0,36.0,37.56680167,126.9966063,을지로_하나은행앞
평일,4,4,7,청계3 노상공영주차장(코리아몰 앞),청계3_코리아몰앞,16시,16:29,16:52,16:29,16:29,16:52,23,88,35.6,35.6,37.56896427,127.0020909,을지로_하나은행앞
평일,5,1,1,훈련원공원 노상공영주차장,훈련원공원,09시,09:17,10:07,09:17,09:17,10:02,45,126,51.0,51.0,37.56692913,127.0043893,청계3_코리아몰앞
평일,5,1,2,기업은행 무교지점 앞 가로등형 충전소,기업은행_무교지점,10시,10:31,11:27,10:31,10:31,11:16,45,114,46.2,46.2,37.56762877,126.9795662,훈련원공원
평일,5,1,3,을지로 노상공영주차장(신한은행 앞),을지로_신한은행앞,11시,11:30,11:52,11:30,11:30,11:52,22,108,43.7,43.7,37.56710245,127.0017882,기업은행_무교지점
평일,5,1,4,훈련원공원 노상공영주차장,훈련원공원,12시,12:28,13:10,12:28,12:28,13:10,42,181,73.3,73.3,37.56692913,127.0043893,을지로_신한은행앞
평일,5,1,5,훈련원공원 노상공영주차장,훈련원공원,13시,13:27,14:02,13:27,13:27,14:02,35,141,57.1,57.1,37.56692913,127.0043893,훈련원공원
평일,5,1,6,청계3 노상공영주차장(코리아몰 앞),청계3_코리아몰앞,14시,14:34,15:02,14:34,14:34,15:02,28,121,49.0,49.0,37.56896427,127.0020909,훈련원공원
평일,5,1,7,을지로 노상공영주차장(신한은행 앞),을지로_신한은행앞,15시,15:32,15:54,15:32,15:32,15:54,22,103,41.7,41.7,37.56710245,127.0017882,청계3_코리아몰앞
평일,5,1,8,을지로 노상공영주차장(하나은행 앞),을지로_하나은행앞,16시,16:28,17:02,16:29,16:29,17:02,33,100,40.5,40.5,37.56680167,126.9966063,을지로_신한은행앞
평일,5,1,9,훈련원공원 노상공영주차장,훈련원공원,18시,18:30,19:16,18:31,18:31,19:16,45,101,40.9,40.9,37.56692913,127.0043893,을지로_하나은행앞
평일,5,2,1,훈련원공원 노상공영주차장,훈련원공원,10시,10:36,11:12,10:36,10:36,11:12,36,86,34.8,34.8,37.56692913,127.0043893,청계3_코리아몰앞
평일,5,2,2,기업은행 무교지점 앞 가로등형 충전소,기업은행_무교지점,11시,11:34,12:26,11:34,11:34,12:19,45,97,39.3,39.3,37.56762877,126.9795662,훈련원공원
평일,5,2,3,을지로 노상공영주차장(신한은행 앞),을지로_신한은행앞,12시,12:30,13:02,12:30,12:30,13:02,32,119,48.2,48.2,37.56710245,127.0017882,기업은행_무교지점
평일,5,2,4,청계3 노상공영주차장(코리아몰 앞),청계3_코리아몰앞,13시,13:25,13:56,13:25,13:25,13:56,31,112,45.3,45.3,37.56896427,127.0020909,을지로_신한은행앞
평일,5,2,5,기업은행 무교지점 앞 가로등형 충전소,기업은행_무교지점,14시,14:31,15:00,14:32,14:32,15:00,28,112,45.3,45.3,37.56762877,126.9795662,청계3_코리아몰앞
평일,5,2,6,을지로 노상공영주차장(하나은행 앞),을지로_하나은행앞,15시,15:29,15:59,15:29,15:29,15:59,30,89,36.0,36.0,37.56680167,126.9966063,기업은행_무교지점
평일,5,2,7,훈련원공원 노상공영주차장,훈련원공원,16시,16:23,17:15,16:30,16:30,17:15,45,113,45.7,45.7,37.56692913,127.0043893,을지로_하나은행앞
평일,5,2,8,훈련원공원 노상공영주차장,훈련원공원,17시,17:25,18:13,17:28,17:28,18:13,45,101,40.9,40.9,37.56692913,127.0043893,훈련원공원
평일,5,3,1,을지로 노상공영주차장(하나은행 앞),을지로_하나은행앞,09시,09:39,10:14,09:39,09:39,10:14,35,83,33.6,33.6,37.56680167,126.9966063,청계3_코리아몰앞
평일,5,3,2,을지로 노상공영주차장(신한은행 앞),을지로_신한은행앞,10시,10:26,10:52,10:26,10:26,10:52,26,96,38.9,38.9,37.56710245,127.0017882,을지로_하나은행앞
평일,5,3,3,훈련원공원 노상공영주차장,훈련원공원,11시,11:34,12:17,11:34,11:34,12:17,43,126,51.0,51.0,37.56692913,127.0043893,을지로_신한은행앞
평일,5,3,4,청계3 노상공영주차장(코리아몰 앞),청계3_코리아몰앞,12시,12:33,13:10,12:33,12:33,13:10,37,121,49.0,49.0,37.56896427,127.0020909,훈련원공원
평일,5,3,5,을지로 노상공영주차장(하나은행 앞),을지로_하나은행앞,13시,13:26,13:54,13:26,13:26,13:54,28,109,44.1,44.1,37.56680167,126.9966063,청계3_코리아몰앞
평일,5,3,6,훈련원공원 노상공영주차장,훈련원공원,14시,14:27,14:59,14:27,14:27,14:59,32,139,56.3,56.3,37.56692913,127.0043893,을지로_하나은행앞
평일,5,3,7,훈련원공원 노상공영주차장,훈련원공원,15시,15:33,16:20,15:35,15:35,16:20,45,166,67.2,67.2,37.56692913,127.0043893,훈련원공원
평일,5,4,1,을지로 노상공영주차장(하나은행 앞),을지로_하나은행앞,10시,10:29,11:02,10:29,10:29,11:02,33,94,38.1,38.1,37.56680167,126.9966063,청계3_코리아몰앞
평일,5,4,2,청계3 노상공영주차장(코리아몰 앞),청계3_코리아몰앞,11시,11:30,12:18,11:32,11:32,12:17,45,107,43.3,43.3,37.56896427,127.0020909,을지로_하나은행앞
평일,5,4,3,을지로 노상공영주차장(하나은행 앞),을지로_하나은행앞,12시,12:29,13:01,12:29,12:29,13:01,32,113,45.7,45.7,37.56680167,126.9966063,청계3_코리아몰앞
평일,5,4,4,청계5 노상공영주차장,청계5,13시,13:22,13:36,13:22,13:22,13:36,14,105,42.5,42.5,37.5681412,127.0024362,을지로_하나은행앞
평일,5,4,5,을지로 노상공영주차장(신한은행 앞),을지로_신한은행앞,14시,14:26,14:48,14:26,14:26,14:48,22,100,40.5,40.5,37.56710245,127.0017882,청계5
평일,5,4,6,청계3 노상공영주차장(코리아몰 앞),청계3_코리아몰앞,15시,15:28,15:58,15:28,15:28,15:58,30,108,43.7,43.7,37.56896427,127.0020909,을지로_신한은행앞
평일,5,4,7,청계3 노상공영주차장(코리아몰 앞),청계3_코리아몰앞,16시,16:29,16:52,16:29,16:29,16:52,23,88,35.6,35.6,37.56896427,127.0020909,청계3_코리아몰앞
평일,5,5,1,훈련원공원 노상공영주차장,훈련원공원,08시,08:38,09:43,08:38,08:38,09:23,45,114,46.2,46.2,37.56692913,127.0043893,청계3_코리아몰앞
평일,5,5,2,청계3 노상공영주차장(코리아몰 앞),청계3_코리아몰앞,09시,09:29,09:59,09:29,09:29,09:59,30,86,34.8,34.8,37.56896427,127.0020909,훈련원공원
평일,5,5,3,청계3 노상공영주차장(코리아몰 앞),청계3_코리아몰앞,10시,10:30,11:02,10:30,10:30,11:02,32,81,32.8,32.8,37.56896427,127.0020909,청계3_코리아몰앞
평일,5,5,4,을지로 노상공영주차장(하나은행 앞),을지로_하나은행앞,11시,11:27,11:58,11:27,11:27,11:58,31,122,49.4,49.4,37.56680167,126.9966063,청계3_코리아몰앞
평일,5,5,5,기업은행 무교지점 앞 가로등형 충전소,기업은행_무교지점,12시,12:28,13:10,12:28,12:28,13:10,42,128,51.8,51.8,37.56762877,126.9795662,을지로_하나은행앞
평일,5,5,6,을지로 노상공영주차장(신한은행 앞),을지로_신한은행앞,13시,13:23,13:49,13:23,13:23,13:49,26,111,44.9,44.9,37.56710245,127.0017882,기업은행_무교지점
평일,5,5,7,을지로 노상공영주차장(하나은행 앞),을지로_하나은행앞,14시,14:31,15:03,14:31,14:31,15:03,32,125,50.6,50.6,37.56680167,126.9966063,을지로_신한은행앞
평일,5,5,8,을지로 노상공영주차장(신한은행 앞),을지로_신한은행앞,16시,16:26,16:46,16:26,16:26,16:46,20,81,32.8,32.8,37.56710245,127.0017882,을지로_하나은행앞
토요일,1,1,1,훈련원공원 노상공영주차장,훈련원공원,07시,07:38,08:05,07:38,07:38,08:05,27,14,27.5,27.5,37.56692913,127.0043893,청계3_코리아몰앞
토요일,1,1,2,청계3 노상공영주차장(코리아몰 앞),청계3_코리아몰앞,08시,08:30,09:13,08:30,08:30,09:13,43,12,23.5,23.5,37.56896427,127.0020909,훈련원공원
토요일,1,1,3,훈련원공원 노상공영주차장,훈련원공원,09시,09:17,10:02,09:17,09:17,10:02,45,31,60.8,60.8,37.56692913,127.0043893,청계3_코리아몰앞
토요일,1,1,4,청계3 노상공영주차장(코리아몰 앞),청계3_코리아몰앞,10시,10:26,11:00,10:26,10:26,11:00,34,23,45.1,45.1,37.56896427,127.0020909,훈련원공원
토요일,1,1,5,청계3 노상공영주차장(코리아몰 앞),청계3_코리아몰앞,11시,11:31,12:19,11:31,11:31,12:16,45,14,27.5,27.5,37.56896427,127.0020909,청계3_코리아몰앞
토요일,1,1,6,청계3 노상공영주차장(코리아몰 앞),청계3_코리아몰앞,12시,12:42,13:03,12:42,12:42,13:03,21,19,37.3,37.3,37.56896427,127.0020909,청계3_코리아몰앞
토요일,1,1,7,을지로 노상공영주차장(하나은행 앞),을지로_하나은행앞,13시,13:32,14:04,13:32,13:32,14:04,32,14,27.5,27.5,37.56680167,126.9966063,청계3_코리아몰앞
토요일,1,1,8,을지로 노상공영주차장(신한은행 앞),을지로_신한은행앞,14시,14:28,14:47,14:28,14:28,14:47,19,25,49.0,49.0,37.56710245,127.0017882,을지로_하나은행앞
토요일,1,1,9,을지로 노상공영주차장(하나은행 앞),을지로_하나은행앞,15시,15:31,16:04,15:32,15:32,16:04,32,14,27.5,27.5,37.56680167,126.9966063,을지로_신한은행앞
토요일,1,1,10,청계3 노상공영주차장(코리아몰 앞),청계3_코리아몰앞,16시,16:15,16:56,16:15,16:15,16:56,41,14,27.5,27.5,37.56896427,127.0020909,을지로_하나은행앞
토요일,1,1,11,청계3 노상공영주차장(코리아몰 앞),청계3_코리아몰앞,17시,17:28,17:48,17:28,17:28,17:48,20,13,25.5,25.5,37.56896427,127.0020909,청계3_코리아몰앞
토요일,1,1,12,훈련원공원 노상공영주차장,훈련원공원,18시,18:45,19:29,18:45,18:45,19:29,44,15,29.4,29.4,37.56692913,127.0043893,청계3_코리아몰앞
토요일,1,1,13,훈련원공원 노상공영주차장,훈련원공원,19시,19:31,20:21,19:36,19:36,20:21,45,12,23.5,23.5,37.56692913,127.0043893,훈련원공원
토요일,1,1,14,청계3 노상공영주차장(코리아몰 앞),청계3_코리아몰앞,20시,20:29,20:59,20:29,20:29,20:59,30,17,33.3,33.3,37.56896427,127.0020909,훈련원공원
토요일,1,1,15,기업은행 무교지점 앞 가로등형 충전소,기업은행_무교지점,21시,21:24,21:43,21:24,21:24,21:43,19,23,45.1,45.1,37.56762877,126.9795662,청계3_코리아몰앞
토요일,2,1,1,훈련원공원 노상공영주차장,훈련원공원,07시,07:38,08:05,07:38,07:38,08:05,27,14,27.5,27.5,37.56692913,127.0043893,청계3_코리아몰앞
토요일,2,1,2,훈련원공원 노상공영주차장,훈련원공원,08시,08:41,09:49,08:41,08:41,09:26,45,16,31.4,31.4,37.56692913,127.0043893,훈련원공원
토요일,2,1,3,을지로 노상공영주차장(하나은행 앞),을지로_하나은행앞,09시,09:35,10:18,09:35,09:35,10:18,43,15,29.4,29.4,37.56680167,126.9966063,훈련원공원
토요일,2,1,4,청계3 노상공영주차장(코리아몰 앞),청계3_코리아몰앞,10시,10:26,11:00,10:26,10:26,11:00,34,23,45.1,45.1,37.56896427,127.0020909,을지로_하나은행앞
토요일,2,1,5,청계3 노상공영주차장(코리아몰 앞),청계3_코리아몰앞,11시,11:31,12:19,11:31,11:31,12:16,45,14,27.5,27.5,37.56896427,127.0020909,청계3_코리아몰앞
토요일,2,1,6,을지로 노상공영주차장(신한은행 앞),을지로_신한은행앞,12시,12:28,12:49,12:28,12:28,12:48,20,12,23.5,23.5,37.56710245,127.0017882,청계3_코리아몰앞
토요일,2,1,7,을지로 노상공영주차장(하나은행 앞),을지로_하나은행앞,13시,13:32,14:04,13:32,13:32,14:04,32,14,27.5,27.5,37.56680167,126.9966063,을지로_신한은행앞
토요일,2,1,8,을지로 노상공영주차장(신한은행 앞),을지로_신한은행앞,14시,14:28,14:47,14:28,14:28,14:47,19,25,49.0,49.0,37.56710245,127.0017882,을지로_하나은행앞
토요일,2,1,9,을지로 노상공영주차장(하나은행 앞),을지로_하나은행앞,15시,15:31,16:04,15:32,15:32,16:04,32,14,27.5,27.5,37.56680167,126.9966063,을지로_신한은행앞
토요일,2,1,10,청계3 노상공영주차장(코리아몰 앞),청계3_코리아몰앞,17시,17:28,17:48,17:28,17:28,17:48,20,13,25.5,25.5,37.56896427,127.0020909,을지로_하나은행앞
토요일,2,1,11,훈련원공원 노상공영주차장,훈련원공원,18시,18:45,19:29,18:45,18:45,19:29,44,15,29.4,29.4,37.56692913,127.0043893,청계3_코리아몰앞
토요일,2,1,12,훈련원공원 노상공영주차장,훈련원공원,19시,19:31,20:21,19:36,19:36,20:21,45,12,23.5,23.5,37.56692913,127.0043893,훈련원공원
토요일,2,1,13,청계3 노상공영주차장(코리아몰 앞),청계3_코리아몰앞,20시,20:29,20:59,20:29,20:29,20:59,30,17,33.3,33.3,37.56896427,127.0020909,훈련원공원
토요일,2,1,14,기업은행 무교지점 앞 가로등형 충전소,기업은행_무교지점,21시,21:24,21:43,21:24,21:24,21:43,19,23,45.1,45.1,37.56762877,126.9795662,청계3_코리아몰앞
토요일,2,2,1,을지로 노상공영주차장(하나은행 앞),을지로_하나은행앞,07시,07:28,07:53,07:28,07:28,07:53,25,11,21.6,21.6,37.56680167,126.9966063,청계3_코리아몰앞
토요일,2,2,2,청계3 노상공영주차장(코리아몰 앞),청계3_코리아몰앞,08시,08:30,09:13,08:30,08:30,09:13,43,12,23.5,23.5,37.56896427,127.0020909,을지로_하나은행앞
토요일,2,2,3,훈련원공원 노상공영주차장,훈련원공원,09시,09:17,10:02,09:17,09:17,10:02,45,31,60.8,60.8,37.56692913,127.0043893,청계3_코리아몰앞
토요일,2,2,4,기업은행 무교지점 앞 가로등형 충전소,기업은행_무교지점,10시,10:22,11:12,10:25,10:25,11:10,45,20,39.2,39.2,37.56762877,126.9795662,훈련원공원
토요일,2,2,5,훈련원공원 노상공영주차장,훈련원공원,11시,11:20,11:49,11:20,11:20,11:49,29,13,25.5,25.5,37.56692913,127.0043893,기업은행_무교지점
토요일,2,2,6,청계3 노상공영주차장(코리아몰 앞),청계3_코리아몰앞,12시,12:42,13:03,12:42,12:42,13:03,21,19,37.3,37.3,37.56896427,127.0020909,훈련원공원
토요일,2,2,7,청계3 노상공영주차장(코리아몰 앞),청계3_코리아몰앞,13시,13:34,14:04,13:34,13:34,14:04,30,13,25.5,25.5,37.56896427,127.0020909,청계3_코리아몰앞
토요일,2,2,8,청계3 노상공영주차장(코리아몰 앞),청계3_코리아몰앞,14시,14:28,15:12,14:28,14:28,15:12,44,20,39.2,39.2,37.56896427,127.0020909,청계3_코리아몰앞
토요일,2,2,9,훈련원공원 노상공영주차장,훈련원공원,15시,15:37,16:09,15:37,15:37,16:09,32,12,23.5,23.5,37.56692913,127.0043893,청계3_코리아몰앞
토요일,2,2,10,청계3 노상공영주차장(코리아몰 앞),청계3_코리아몰앞,16시,16:15,16:56,16:15,16:15,16:56,41,14,27.5,27.5,37.56896427,127.0020909,훈련원공원
토요일,2,2,11,훈련원공원 노상공영주차장,훈련원공원,17시,17:39,18:08,17:40,17:40,18:08,28,12,23.5,23.5,37.56692913,127.0043893,청계3_코리아몰앞
토요일,2,2,12,청계3 노상공영주차장(코리아몰 앞),청계3_코리아몰앞,18시,18:38,19:02,18:39,18:39,19:02,23,12,23.5,23.5,37.56896427,127.0020909,훈련원공원
토요일,2,2,13,을지로 노상공영주차장(하나은행 앞),을지로_하나은행앞,19시,19:27,19:58,19:27,19:27,19:58,31,13,25.5,25.5,37.56680167,126.9966063,청계3_코리아몰앞
토요일,2,2,14,기업은행 무교지점 앞 가로등형 충전소,기업은행_무교지점,20시,20:21,20:46,20:21,20:21,20:46,25,17,33.3,33.3,37.56762877,126.9795662,을지로_하나은행앞
토요일,2,2,15,훈련원공원 노상공영주차장,훈련원공원,21시,21:19,21:41,21:19,21:19,21:41,22,17,33.3,33.3,37.56692913,127.0043893,기업은행_무교지점
토요일,3,1,1,을지로 노상공영주차장(하나은행 앞),을지로_하나은행앞,07시,07:28,07:53,07:28,07:28,07:53,25,11,21.6,21.6,37.56680167,126.9966063,청계3_코리아몰앞
토요일,3,1,2,훈련원공원 노상공영주차장,훈련원공원,08시,08:41,09:49,08:41,08:41,09:26,45,16,31.4,31.4,37.56692913,127.0043893,을지로_하나은행앞
토요일,3,1,3,을지로 노상공영주차장(하나은행 앞),을지로_하나은행앞,09시,09:35,10:18,09:35,09:35,10:18,43,15,29.4,29.4,37.56680167,126.9966063,훈련원공원
토요일,3,1,4,청계3 노상공영주차장(코리아몰 앞),청계3_코리아몰앞,10시,10:26,11:00,10:26,10:26,11:00,34,23,45.1,45.1,37.56896427,127.0020909,을지로_하나은행앞
토요일,3,1,5,기업은행 무교지점 앞 가로등형 충전소,기업은행_무교지점,11시,11:35,12:12,11:35,11:35,12:12,37,13,25.5,25.5,37.56762877,126.9795662,청계3_코리아몰앞
토요일,3,1,6,을지로 노상공영주차장(신한은행 앞),을지로_신한은행앞,12시,12:28,12:49,12:28,12:28,12:48,20,12,23.5,23.5,37.56710245,127.0017882,기업은행_무교지점
토요일,3,1,7,청계3 노상공영주차장(코리아몰 앞),청계3_코리아몰앞,13시,13:34,14:04,13:34,13:34,14:04,30,13,25.5,25.5,37.56896427,127.0020909,을지로_신한은행앞
토요일,3,1,8,훈련원공원 노상공영주차장,훈련원공원,14시,14:32,14:56,14:32,14:32,14:55,23,16,31.4,31.4,37.56692913,127.0043893,청계3_코리아몰앞
토요일,3,1,9,을지로 노상공영주차장(하나은행 앞),을지로_하나은행앞,15시,15:31,16:04,15:32,15:32,16:04,32,14,27.5,27.5,37.56680167,126.9966063,훈련원공원
토요일,3,1,10,청계3 노상공영주차장(코리아몰 앞),청계3_코리아몰앞,16시,16:15,16:56,16:15,16:15,16:56,41,14,27.5,27.5,37.56896427,127.0020909,을지로_하나은행앞
토요일,3,1,11,청계3 노상공영주차장(코리아몰 앞),청계3_코리아몰앞,17시,17:28,17:48,17:28,17:28,17:48,20,13,25.5,25.5,37.56896427,127.0020909,청계3_코리아몰앞
토요일,3,1,12,훈련원공원 노상공영주차장,훈련원공원,19시,19:31,20:21,19:36,19:36,20:21,45,12,23.5,23.5,37.56692913,127.0043893,청계3_코리아몰앞
토요일,3,1,13,청계3 노상공영주차장(코리아몰 앞),청계3_코리아몰앞,20시,20:29,20:59,20:29,20:29,20:59,30,17,33.3,33.3,37.56896427,127.0020909,훈련원공원
토요일,3,1,14,기업은행 무교지점 앞 가로등형 충전소,기업은행_무교지점,21시,21:24,21:43,21:24,21:24,21:43,19,23,45.1,45.1,37.56762877,126.9795662,청계3_코리아몰앞
토요일,3,2,1,청계3 노상공영주차장(코리아몰 앞),청계3_코리아몰앞,08시,08:30,09:13,08:30,08:30,09:13,43,12,23.5,23.5,37.56896427,127.0020909,청계3_코리아몰앞
토요일,3,2,2,기업은행 무교지점 앞 가로등형 충전소,기업은행_무교지점,09시,09:35,10:33,09:40,09:40,10:25,45,18,35.3,35.3,37.56762877,126.9795662,청계3_코리아몰앞
토요일,3,2,3,훈련원공원 노상공영주차장,훈련원공원,11시,11:20,11:49,11:20,11:20,11:49,29,13,25.5,25.5,37.56692913,127.0043893,기업은행_무교지점
토요일,3,2,4,청계3 노상공영주차장(코리아몰 앞),청계3_코리아몰앞,12시,12:42,13:03,12:42,12:42,13:03,21,19,37.3,37.3,37.56896427,127.0020909,훈련원공원
토요일,3,2,5,을지로 노상공영주차장(하나은행 앞),을지로_하나은행앞,13시,13:32,14:04,13:32,13:32,14:04,32,14,27.5,27.5,37.56680167,126.9966063,청계3_코리아몰앞
토요일,3,2,6,을지로 노상공영주차장(신한은행 앞),을지로_신한은행앞,14시,14:28,14:47,14:28,14:28,14:47,19,25,49.0,49.0,37.56710245,127.0017882,을지로_하나은행앞
토요일,3,2,7,훈련원공원 노상공영주차장,훈련원공원,17시,17:39,18:08,17:40,17:40,18:08,28,12,23.5,23.5,37.56692913,127.0043893,을지로_신한은행앞
토요일,3,2,8,청계3 노상공영주차장(코리아몰 앞),청계3_코리아몰앞,18시,18:38,19:02,18:39,18:39,19:02,23,12,23.5,23.5,37.56896427,127.0020909,훈련원공원
토요일,3,2,9,을지로 노상공영주차장(하나은행 앞),을지로_하나은행앞,19시,19:27,19:58,19:27,19:27,19:58,31,13,25.5,25.5,37.56680167,126.9966063,청계3_코리아몰앞
토요일,3,2,10,기업은행 무교지점 앞 가로등형 충전소,기업은행_무교지점,20시,20:21,20:46,20:21,20:21,20:46,25,17,33.3,33.3,37.56762877,126.9795662,을지로_하나은행앞
토요일,3,2,11,훈련원공원 노상공영주차장,훈련원공원,21시,21:19,21:41,21:19,21:19,21:41,22,17,33.3,33.3,37.56692913,127.0043893,기업은행_무교지점
토요일,3,3,1,훈련원공원 노상공영주차장,훈련원공원,07시,07:38,08:05,07:38,07:38,08:05,27,14,27.5,27.5,37.56692913,127.0043893,청계3_코리아몰앞
토요일,3,3,2,훈련원공원 노상공영주차장,훈련원공원,09시,09:17,10:02,09:17,09:17,10:02,45,31,60.8,60.8,37.56692913,127.0043893,훈련원공원
토요일,3,3,3,기업은행 무교지점 앞 가로등형 충전소,기업은행_무교지점,10시,10:22,11:12,10:25,10:25,11:10,45,20,39.2,39.2,37.56762877,126.9795662,훈련원공원
토요일,3,3,4,청계3 노상공영주차장(코리아몰 앞),청계3_코리아몰앞,11시,11:31,12:19,11:31,11:31,12:16,45,14,27.5,27.5,37.56896427,127.0020909,기업은행_무교지점
토요일,3,3,5,을지로 노상공영주차장(하나은행 앞),을지로_하나은행앞,12시,12:23,12:49,12:23,12:23,12:49,26,11,21.6,21.6,37.56680167,126.9966063,청계3_코리아몰앞
토요일,3,3,6,청계8가 노상공영주차장,청계8가,13시,13:18,13:37,13:18,13:18,13:37,19,12,23.5,23.5,37.56980089,127.0163871,을지로_하나은행앞
토요일,3,3,7,청계3 노상공영주차장(코리아몰 앞),청계3_코리아몰앞,14시,14:28,15:12,14:28,14:28,15:12,44,20,39.2,39.2,37.56896427,127.0020909,청계8가
토요일,3,3,8,훈련원공원 노상공영주차장,훈련원공원,15시,15:37,16:09,15:37,15:37,16:09,32,12,23.5,23.5,37.56692913,127.0043893,청계3_코리아몰앞
토요일,3,3,9,훈련원공원 노상공영주차장,훈련원공원,18시,18:45,19:29,18:45,18:45,19:29,44,15,29.4,29.4,37.56692913,127.0043893,훈련원공원
토요일,3,3,10,을지로 노상공영주차장(신한은행 앞),을지로_신한은행앞,19시,19:32,20:09,19:32,19:32,20:09,37,11,21.6,21.6,37.56710245,127.0017882,훈련원공원
토요일,3,3,11,훈련원공원 노상공영주차장,훈련원공원,20시,20:31,21:06,20:31,20:31,21:06,35,14,27.5,27.5,37.56692913,127.0043893,을지로_신한은행앞
토요일,3,3,12,을지로 노상공영주차장(신한은행 앞),을지로_신한은행앞,21시,21:40,21:55,21:40,21:40,21:55,15,13,25.5,25.5,37.56710245,127.0017882,훈련원공원
토요일,4,1,1,훈련원공원 노상공영주차장,훈련원공원,07시,07:38,08:05,07:38,07:38,08:05,27,14,27.5,27.5,37.56692913,127.0043893,청계3_코리아몰앞
토요일,4,1,2,기업은행 무교지점 앞 가로등형 충전소,기업은행_무교지점,09시,09:35,10:33,09:40,09:40,10:25,45,18,35.3,35.3,37.56762877,126.9795662,훈련원공원
토요일,4,1,3,기업은행 무교지점 앞 가로등형 충전소,기업은행_무교지점,10시,10:22,11:12,10:25,10:25,11:10,45,20,39.2,39.2,37.56762877,126.9795662,기업은행_무교지점
토요일,4,1,4,기업은행 무교지점 앞 가로등형 충전소,기업은행_무교지점,11시,11:35,12:12,11:35,11:35,12:12,37,13,25.5,25.5,37.56762877,126.9795662,기업은행_무교지점
토요일,4,1,5,청계3 노상공영주차장(고려상사 앞),청계3_고려상사앞,12시,12:33,13:16,12:33,12:33,13:16,43,11,21.6,21.6,37.56822248,127.0018662,기업은행_무교지점
토요일,4,1,6,을지로 노상공영주차장(하나은행 앞),을지로_하나은행앞,13시,13:32,14:04,13:32,13:32,14:04,32,14,27.5,27.5,37.56680167,126.9966063,청계3_고려상사앞
토요일,4,1,7,을지로 노상공영주차장(하나은행 앞),을지로_하나은행앞,14시,14:33,15:13,14:33,14:33,15:12,39,14,27.5,27.5,37.56680167,126.9966063,을지로_하나은행앞
토요일,4,1,8,훈련원공원 노상공영주차장,훈련원공원,15시,15:37,16:09,15:37,15:37,16:09,32,12,23.5,23.5,37.56692913,127.0043893,을지로_하나은행앞
토요일,4,1,9,훈련원공원 노상공영주차장,훈련원공원,17시,17:39,18:08,17:40,17:40,18:08,28,12,23.5,23.5,37.56692913,127.0043893,훈련원공원
토요일,4,1,10,청계3 노상공영주차장(코리아몰 앞),청계3_코리아몰앞,18시,18:38,19:02,18:39,18:39,19:02,23,12,23.5,23.5,37.56896427,127.0020909,훈련원공원
토요일,4,1,11,을지로 노상공영주차장(하나은행 앞),을지로_하나은행앞,19시,19:27,19:58,19:27,19:27,19:58,31,13,25.5,25.5,37.56680167,126.9966063,청계3_코리아몰앞
토요일,4,1,12,기업은행 무교지점 앞 가로등형 충전소,기업은행_무교지점,20시,20:21,20:46,20:21,20:21,20:46,25,17,33.3,33.3,37.56762877,126.9795662,을지로_하나은행앞
토요일,4,1,13,기업은행 무교지점 앞 가로등형 충전소,기업은행_무교지점,21시,21:24,21:43,21:24,21:24,21:43,19,23,45.1,45.1,37.56762877,126.9795662,기업은행_무교지점
토요일,4,2,1,청계3 노상공영주차장(코리아몰 앞),청계3_코리아몰앞,08시,08:30,09:13,08:30,08:30,09:13,43,12,23.5,23.5,37.56896427,127.0020909,청계3_코리아몰앞
토요일,4,2,2,청계5 노상공영주차장,청계5,09시,09:43,10:08,09:43,09:43,10:08,25,13,25.5,25.5,37.5681412,127.0024362,청계3_코리아몰앞
토요일,4,2,3,청계3 노상공영주차장(코리아몰 앞),청계3_코리아몰앞,10시,10:26,11:00,10:26,10:26,11:00,34,23,45.1,45.1,37.56896427,127.0020909,청계5
토요일,4,2,4,청계3 노상공영주차장(코리아몰 앞),청계3_코리아몰앞,11시,11:31,12:19,11:31,11:31,12:16,45,14,27.5,27.5,37.56896427,127.0020909,청계3_코리아몰앞
토요일,4,2,5,을지로 노상공영주차장(신한은행 앞),을지로_신한은행앞,12시,12:28,12:49,12:28,12:28,12:48,20,12,23.5,23.5,37.56710245,127.0017882,청계3_코리아몰앞
토요일,4,2,6,청계8가 노상공영주차장,청계8가,13시,13:18,13:37,13:18,13:18,13:37,19,12,23.5,23.5,37.56980089,127.0163871,을지로_신한은행앞
토요일,4,2,7,을지로 노상공영주차장(신한은행 앞),을지로_신한은행앞,14시,14:28,14:47,14:28,14:28,14:47,19,25,49.0,49.0,37.56710245,127.0017882,청계8가
토요일,4,2,8,을지로 노상공영주차장(하나은행 앞),을지로_하나은행앞,15시,15:31,16:04,15:32,15:32,16:04,32,14,27.5,27.5,37.56680167,126.9966063,을지로_신한은행앞
토요일,4,2,9,을지로 노상공영주차장(신한은행 앞),을지로_신한은행앞,19시,19:32,20:09,19:32,19:32,20:09,37,11,21.6,21.6,37.56710245,127.0017882,을지로_하나은행앞
토요일,4,2,10,훈련원공원 노상공영주차장,훈련원공원,20시,20:31,21:06,20:31,20:31,21:06,35,14,27.5,27.5,37.56692913,127.0043893,을지로_신한은행앞
토요일,4,2,11,을지로 노상공영주차장(신한은행 앞),을지로_신한은행앞,21시,21:40,21:55,21:40,21:40,21:55,15,13,25.5,25.5,37.56710245,127.0017882,훈련원공원
토요일,4,3,1,훈련원공원 노상공영주차장,훈련원공원,09시,09:17,10:02,09:17,09:17,10:02,45,31,60.8,60.8,37.56692913,127.0043893,청계3_코리아몰앞
토요일,4,3,2,청계3 노상공영주차장(고려상사 앞),청계3_고려상사앞,11시,11:22,11:51,11:23,11:23,11:51,28,12,23.5,23.5,37.56822248,127.0018662,훈련원공원
토요일,4,3,3,을지로 노상공영주차장(하나은행 앞),을지로_하나은행앞,12시,12:23,12:49,12:23,12:23,12:49,26,11,21.6,21.6,37.56680167,126.9966063,청계3_고려상사앞
토요일,4,3,4,청계3 노상공영주차장(코리아몰 앞),청계3_코리아몰앞,13시,13:34,14:04,13:34,13:34,14:04,30,13,25.5,25.5,37.56896427,127.0020909,을지로_하나은행앞
토요일,4,3,5,훈련원공원 노상공영주차장,훈련원공원,14시,14:32,14:56,14:32,14:32,14:55,23,16,31.4,31.4,37.56692913,127.0043893,청계3_코리아몰앞
토요일,4,3,6,청계3 노상공영주차장(코리아몰 앞),청계3_코리아몰앞,17시,17:28,17:48,17:28,17:28,17:48,20,13,25.5,25.5,37.56896427,127.0020909,훈련원공원
토요일,4,3,7,훈련원공원 노상공영주차장,훈련원공원,18시,18:45,19:29,18:45,18:45,19:29,44,15,29.4,29.4,37.56692913,127.0043893,청계3_코리아몰앞
토요일,4,3,8,훈련원공원 노상공영주차장,훈련원공원,19시,19:31,20:21,19:36,19:36,20:21,45,12,23.5,23.5,37.56692913,127.0043893,훈련원공원
토요일,4,3,9,훈련원공원 노상공영주차장,훈련원공원,21시,21:19,21:41,21:19,21:19,21:41,22,17,33.3,33.3,37.56692913,127.0043893,훈련원공원
토요일,4,4,1,을지로 노상공영주차장(하나은행 앞),을지로_하나은행앞,07시,07:28,07:53,07:28,07:28,07:53,25,11,21.6,21.6,37.56680167,126.9966063,청계3_코리아몰앞
토요일,4,4,2,훈련원공원 노상공영주차장,훈련원공원,08시,08:41,09:49,08:41,08:41,09:26,45,16,31.4,31.4,37.56692913,127.0043893,을지로_하나은행앞
토요일,4,4,3,을지로 노상공영주차장(하나은행 앞),을지로_하나은행앞,09시,09:35,10:18,09:35,09:35,10:18,43,15,29.4,29.4,37.56680167,126.9966063,훈련원공원
토요일,4,4,4,훈련원공원 노상공영주차장,훈련원공원,11시,11:20,11:49,11:20,11:20,11:49,29,13,25.5,25.5,37.56692913,127.0043893,을지로_하나은행앞
토요일,4,4,5,청계3 노상공영주차장(코리아몰 앞),청계3_코리아몰앞,12시,12:42,13:03,12:42,12:42,13:03,21,19,37.3,37.3,37.56896427,127.0020909,훈련원공원
토요일,4,4,6,을지로 노상공영주차장(신한은행 앞),을지로_신한은행앞,13시,13:27,13:58,13:27,13:27,13:58,31,12,23.5,23.5,37.56710245,127.0017882,청계3_코리아몰앞
토요일,4,4,7,청계3 노상공영주차장(코리아몰 앞),청계3_코리아몰앞,14시,14:28,15:12,14:28,14:28,15:12,44,20,39.2,39.2,37.56896427,127.0020909,을지로_신한은행앞
토요일,4,4,8,청계3 노상공영주차장(코리아몰 앞),청계3_코리아몰앞,16시,16:15,16:56,16:15,16:15,16:56,41,14,27.5,27.5,37.56896427,127.0020909,청계3_코리아몰앞
토요일,4,4,9,기업은행 무교지점 앞 가로등형 충전소,기업은행_무교지점,19시,19:39,20:02,19:39,19:39,20:02,23,11,21.6,21.6,37.56762877,126.9795662,청계3_코리아몰앞
토요일,4,4,10,청계3 노상공영주차장(코리아몰 앞),청계3_코리아몰앞,20시,20:29,20:59,20:29,20:29,20:59,30,17,33.3,33.3,37.56896427,127.0020909,기업은행_무교지점
토요일,5,1,1,훈련원공원 노상공영주차장,훈련원공원,07시,07:38,08:05,07:38,07:38,08:05,27,14,27.5,27.5,37.56692913,127.0043893,청계3_코리아몰앞
토요일,5,1,2,훈련원공원 노상공영주차장,훈련원공원,08시,08:41,09:49,08:41,08:41,09:26,45,16,31.4,31.4,37.56692913,127.0043893,훈련원공원
토요일,5,1,3,청계3 노상공영주차장(코리아몰 앞),청계3_코리아몰앞,12시,12:42,13:03,12:42,12:42,13:03,21,19,37.3,37.3,37.56896427,127.0020909,훈련원공원
토요일,5,1,4,을지로 노상공영주차장(하나은행 앞),을지로_하나은행앞,13시,13:32,14:04,13:32,13:32,14:04,32,14,27.5,27.5,37.56680167,126.9966063,청계3_코리아몰앞
토요일,5,1,5,을지로 노상공영주차장(신한은행 앞),을지로_신한은행앞,14시,14:28,14:47,14:28,14:28,14:47,19,25,49.0,49.0,37.56710245,127.0017882,을지로_하나은행앞
토요일,5,1,6,청계3 노상공영주차장(코리아몰 앞),청계3_코리아몰앞,16시,16:15,16:56,16:15,16:15,16:56,41,14,27.5,27.5,37.56896427,127.0020909,을지로_신한은행앞
토요일,5,1,7,훈련원공원 노상공영주차장,훈련원공원,17시,17:39,18:08,17:40,17:40,18:08,28,12,23.5,23.5,37.56692913,127.0043893,청계3_코리아몰앞
토요일,5,1,8,훈련원공원 노상공영주차장,훈련원공원,18시,18:45,19:29,18:45,18:45,19:29,44,15,29.4,29.4,37.56692913,127.0043893,훈련원공원
토요일,5,1,9,훈련원공원 노상공영주차장,훈련원공원,19시,19:31,20:21,19:36,19:36,20:21,45,12,23.5,23.5,37.56692913,127.0043893,훈련원공원
토요일,5,1,10,훈련원공원 노상공영주차장,훈련원공원,20시,20:31,21:06,20:31,20:31,21:06,35,14,27.5,27.5,37.56692913,127.0043893,훈련원공원
토요일,5,1,11,기업은행 무교지점 앞 가로등형 충전소,기업은행_무교지점,21시,21:24,21:43,21:24,21:24,21:43,19,23,45.1,45.1,37.56762877,126.9795662,훈련원공원
토요일,5,2,1,을지로 노상공영주차장(하나은행 앞),을지로_하나은행앞,07시,07:28,07:53,07:28,07:28,07:53,25,11,21.6,21.6,37.56680167,126.9966063,청계3_코리아몰앞
토요일,5,2,2,기업은행 무교지점 앞 가로등형 충전소,기업은행_무교지점,09시,09:35,10:33,09:40,09:40,10:25,45,18,35.3,35.3,37.56762877,126.9795662,을지로_하나은행앞
토요일,5,2,3,훈련원공원 노상공영주차장,훈련원공원,11시,11:20,11:49,11:20,11:20,11:49,29,13,25.5,25.5,37.56692913,127.0043893,기업은행_무교지점
토요일,5,2,4,을지로 노상공영주차장(하나은행 앞),을지로_하나은행앞,12시,12:23,12:49,12:23,12:23,12:49,26,11,21.6,21.6,37.56680167,126.9966063,훈련원공원
토요일,5,2,5,을지로 노상공영주차장(신한은행 앞),을지로_신한은행앞,13시,13:27,13:58,13:27,13:27,13:58,31,12,23.5,23.5,37.56710245,127.0017882,을지로_하나은행앞
토요일,5,2,6,청계3 노상공영주차장(코리아몰 앞),청계3_코리아몰앞,14시,14:28,15:12,14:28,14:28,15:12,44,20,39.2,39.2,37.56896427,127.0020909,을지로_신한은행앞
토요일,5,2,7,을지로 노상공영주차장(하나은행 앞),을지로_하나은행앞,15시,15:31,16:04,15:32,15:32,16:04,32,14,27.5,27.5,37.56680167,126.9966063,청계3_코리아몰앞
토요일,5,2,8,기업은행 무교지점 앞 가로등형 충전소,기업은행_무교지점,20시,20:21,20:46,20:21,20:21,20:46,25,17,33.3,33.3,37.56762877,126.9795662,을지로_하나은행앞
토요일,5,3,1,청계5 노상공영주차장,청계5,09시,09:43,10:08,09:43,09:43,10:08,25,13,25.5,25.5,37.5681412,127.0024362,청계3_코리아몰앞
토요일,5,3,2,청계3 노상공영주차장(코리아몰 앞),청계3_코리아몰앞,10시,10:26,11:00,10:26,10:26,11:00,34,23,45.1,45.1,37.56896427,127.0020909,청계5
토요일,5,3,3,청계3 노상공영주차장(코리아몰 앞),청계3_코리아몰앞,11시,11:31,12:19,11:31,11:31,12:16,45,14,27.5,27.5,37.56896427,127.0020909,청계3_코리아몰앞
토요일,5,3,4,청계8가 노상공영주차장,청계8가,14시,14:30,15:00,14:30,14:30,15:00,30,13,25.5,25.5,37.56980089,127.0163871,청계3_코리아몰앞
토요일,5,3,5,청계3 노상공영주차장(코리아몰 앞),청계3_코리아몰앞,17시,17:28,17:48,17:28,17:28,17:48,20,13,25.5,25.5,37.56896427,127.0020909,청계8가
토요일,5,3,6,청계3 노상공영주차장(코리아몰 앞),청계3_코리아몰앞,18시,18:38,19:02,18:39,18:39,19:02,23,12,23.5,23.5,37.56896427,127.0020909,청계3_코리아몰앞
토요일,5,3,7,을지로 노상공영주차장(하나은행 앞),을지로_하나은행앞,19시,19:27,19:58,19:27,19:27,19:58,31,13,25.5,25.5,37.56680167,126.9966063,청계3_코리아몰앞
토요일,5,3,8,훈련원공원 노상공영주차장,훈련원공원,21시,21:19,21:41,21:19,21:19,21:41,22,17,33.3,33.3,37.56692913,127.0043893,을지로_하나은행앞
토요일,5,4,1,청계3 노상공영주차장(코리아몰 앞),청계3_코리아몰앞,08시,08:30,09:13,08:30,08:30,09:13,43,12,23.5,23.5,37.56896427,127.0020909,청계3_코리아몰앞
토요일,5,4,2,을지로 노상공영주차장(하나은행 앞),을지로_하나은행앞,09시,09:35,10:18,09:35,09:35,10:18,43,15,29.4,29.4,37.56680167,126.9966063,청계3_코리아몰앞
토요일,5,4,3,청계3 노상공영주차장(고려상사 앞),청계3_고려상사앞,11시,11:22,11:51,11:23,11:23,11:51,28,12,23.5,23.5,37.56822248,127.0018662,을지로_하나은행앞
토요일,5,4,4,을지로 노상공영주차장(신한은행 앞),을지로_신한은행앞,12시,12:28,12:49,12:28,12:28,12:48,20,12,23.5,23.5,37.56710245,127.0017882,청계3_고려상사앞
토요일,5,4,5,청계8가 노상공영주차장,청계8가,13시,13:18,13:37,13:18,13:18,13:37,19,12,23.5,23.5,37.56980089,127.0163871,을지로_신한은행앞
토요일,5,4,6,을지로 노상공영주차장(하나은행 앞),을지로_하나은행앞,14시,14:33,15:13,14:33,14:33,15:12,39,14,27.5,27.5,37.56680167,126.9966063,청계8가
토요일,5,4,7,훈련원공원 노상공영주차장,훈련원공원,15시,15:37,16:09,15:37,15:37,16:09,32,12,23.5,23.5,37.56692913,127.0043893,을지로_하나은행앞
토요일,5,4,8,기업은행 무교지점 앞 가로등형 충전소,기업은행_무교지점,19시,19:39,20:02,19:39,19:39,20:02,23,11,21.6,21.6,37.56762877,126.9795662,훈련원공원
토요일,5,4,9,청계3 노상공영주차장(코리아몰 앞),청계3_코리아몰앞,20시,20:29,20:59,20:29,20:29,20:59,30,17,33.3,33.3,37.56896427,127.0020909,기업은행_무교지점
토요일,5,4,10,을지로 노상공영주차장(신한은행 앞),을지로_신한은행앞,21시,21:40,21:55,21:40,21:40,21:55,15,13,25.5,25.5,37.56710245,127.0017882,청계3_코리아몰앞
토요일,5,5,1,훈련원공원 노상공영주차장,훈련원공원,09시,09:17,10:02,09:17,09:17,10:02,45,31,60.8,60.8,37.56692913,127.0043893,청계3_코리아몰앞
토요일,5,5,2,기업은행 무교지점 앞 가로등형 충전소,기업은행_무교지점,10시,10:22,11:12,10:25,10:25,11:10,45,20,39.2,39.2,37.56762877,126.9795662,훈련원공원
토요일,5,5,3,기업은행 무교지점 앞 가로등형 충전소,기업은행_무교지점,11시,11:35,12:12,11:35,11:35,12:12,37,13,25.5,25.5,37.56762877,126.9795662,기업은행_무교지점
토요일,5,5,4,청계3 노상공영주차장(고려상사 앞),청계3_고려상사앞,12시,12:33,13:16,12:33,12:33,13:16,43,11,21.6,21.6,37.56822248,127.0018662,기업은행_무교지점
토요일,5,5,5,청계3 노상공영주차장(코리아몰 앞),청계3_코리아몰앞,13시,13:34,14:04,13:34,13:34,14:04,30,13,25.5,25.5,37.56896427,127.0020909,청계3_고려상사앞
토요일,5,5,6,훈련원공원 노상공영주차장,훈련원공원,14시,14:32,14:56,14:32,14:32,14:55,23,16,31.4,31.4,37.56692913,127.0043893,청계3_코리아몰앞
토요일,5,5,7,을지로 노상공영주차장(신한은행 앞),을지로_신한은행앞,19시,19:32,20:09,19:32,19:32,20:09,37,11,21.6,21.6,37.56710245,127.0017882,훈련원공원
일요일,1,1,1,청계8가 노상공영주차장,청계8가,10시,10:29,10:57,10:29,10:29,10:57,28,10,19.2,19.2,37.56980089,127.0163871,청계3_코리아몰앞
일요일,1,1,2,청계8가 노상공영주차장,청계8가,11시,11:35,11:48,11:35,11:35,11:47,12,14,26.9,26.9,37.56980089,127.0163871,청계8가
일요일,1,1,3,청계3 노상공영주차장(코리아몰 앞),청계3_코리아몰앞,12시,12:35,13:03,12:35,12:35,13:03,28,18,34.6,34.6,37.56896427,127.0020909,청계8가
일요일,1,1,4,청계8가 노상공영주차장,청계8가,13시,13:25,13:45,13:25,13:25,13:45,20,18,34.6,34.6,37.56980089,127.0163871,청계3_코리아몰앞
일요일,1,1,5,청계3 노상공영주차장(코리아몰 앞),청계3_코리아몰앞,14시,14:32,15:08,14:32,14:32,15:08,36,15,28.8,28.8,37.56896427,127.0020909,청계8가
일요일,1,1,6,훈련원공원 노상공영주차장,훈련원공원,15시,15:29,16:00,15:29,15:29,15:59,30,16,30.8,30.8,37.56692913,127.0043893,청계3_코리아몰앞
일요일,1,1,7,훈련원공원 노상공영주차장,훈련원공원,16시,16:36,17:25,16:36,16:36,17:21,45,17,32.7,32.7,37.56692913,127.0043893,훈련원공원
일요일,1,1,8,훈련원공원 노상공영주차장,훈련원공원,17시,17:30,18:28,17:41,17:41,18:26,45,12,23.1,23.1,37.56692913,127.0043893,훈련원공원
일요일,1,1,9,훈련원공원 노상공영주차장,훈련원공원,18시,18:26,19:07,18:26,18:26,19:07,41,15,28.8,28.8,37.56692913,127.0043893,훈련원공원
일요일,1,1,10,기업은행 무교지점 앞 가로등형 충전소,기업은행_무교지점,19시,19:36,19:52,19:36,19:36,19:52,16,8,15.4,15.4,37.56762877,126.9795662,훈련원공원
일요일,1,1,11,훈련원공원 노상공영주차장,훈련원공원,20시,20:25,20:59,20:25,20:25,20:59,34,13,25.0,25.0,37.56692913,127.0043893,기업은행_무교지점
일요일,1,1,12,훈련원공원 노상공영주차장,훈련원공원,21시,21:33,21:56,21:33,21:33,21:56,23,15,28.8,28.8,37.56692913,127.0043893,훈련원공원
일요일,2,1,1,청계8가 노상공영주차장,청계8가,10시,10:29,10:57,10:29,10:29,10:57,28,10,19.2,19.2,37.56980089,127.0163871,청계3_코리아몰앞
일요일,2,1,2,청계3 노상공영주차장(코리아몰 앞),청계3_코리아몰앞,11시,11:23,12:02,11:23,11:23,12:02,39,11,21.2,21.2,37.56896427,127.0020909,청계8가
일요일,2,1,3,청계3 노상공영주차장(코리아몰 앞),청계3_코리아몰앞,12시,12:35,13:03,12:35,12:35,13:03,28,18,34.6,34.6,37.56896427,127.0020909,청계3_코리아몰앞
일요일,2,1,4,청계8가 노상공영주차장,청계8가,13시,13:25,13:45,13:25,13:25,13:45,20,18,34.6,34.6,37.56980089,127.0163871,청계3_코리아몰앞
일요일,2,1,5,청계3 노상공영주차장(고려상사 앞),청계3_고려상사앞,14시,14:34,15:00,14:34,14:34,14:59,25,14,26.9,26.9,37.56822248,127.0018662,청계8가
일요일,2,1,6,훈련원공원 노상공영주차장,훈련원공원,15시,15:29,16:00,15:29,15:29,15:59,30,16,30.8,30.8,37.56692913,127.0043893,청계3_고려상사앞
일요일,2,1,7,훈련원공원 노상공영주차장,훈련원공원,16시,16:36,17:25,16:36,16:36,17:21,45,17,32.7,32.7,37.56692913,127.0043893,훈련원공원
일요일,2,1,8,훈련원공원 노상공영주차장,훈련원공원,17시,17:30,18:28,17:41,17:41,18:26,45,12,23.1,23.1,37.56692913,127.0043893,훈련원공원
일요일,2,1,9,훈련원공원 노상공영주차장,훈련원공원,18시,18:26,19:07,18:26,18:26,19:07,41,15,28.8,28.8,37.56692913,127.0043893,훈련원공원
일요일,2,1,10,기업은행 무교지점 앞 가로등형 충전소,기업은행_무교지점,19시,19:36,19:52,19:36,19:36,19:52,16,8,15.4,15.4,37.56762877,126.9795662,훈련원공원
일요일,2,1,11,훈련원공원 노상공영주차장,훈련원공원,20시,20:25,20:59,20:25,20:25,20:59,34,13,25.0,25.0,37.56692913,127.0043893,기업은행_무교지점
일요일,2,1,12,훈련원공원 노상공영주차장,훈련원공원,21시,21:33,21:56,21:33,21:33,21:56,23,15,28.8,28.8,37.56692913,127.0043893,훈련원공원
일요일,2,2,1,청계3 노상공영주차장(코리아몰 앞),청계3_코리아몰앞,10시,10:25,11:05,10:25,10:25,11:05,40,9,17.3,17.3,37.56896427,127.0020909,청계3_코리아몰앞
일요일,2,2,2,청계8가 노상공영주차장,청계8가,11시,11:35,11:48,11:35,11:35,11:47,12,14,26.9,26.9,37.56980089,127.0163871,청계3_코리아몰앞
일요일,2,2,3,훈련원공원 노상공영주차장,훈련원공원,12시,12:28,13:01,12:28,12:28,13:01,33,11,21.2,21.2,37.56692913,127.0043893,청계8가
일요일,2,2,4,청계3 노상공영주차장(코리아몰 앞),청계3_코리아몰앞,13시,13:40,14:16,13:40,13:40,14:15,35,18,34.6,34.6,37.56896427,127.0020909,훈련원공원
일요일,2,2,5,청계3 노상공영주차장(코리아몰 앞),청계3_코리아몰앞,14시,14:32,15:08,14:32,14:32,15:08,36,15,28.8,28.8,37.56896427,127.0020909,청계3_코리아몰앞
일요일,2,2,6,청계8가 노상공영주차장,청계8가,15시,15:33,16:05,15:33,15:33,16:05,32,14,26.9,26.9,37.56980089,127.0163871,청계3_코리아몰앞
일요일,2,2,7,청계3 노상공영주차장(코리아몰 앞),청계3_코리아몰앞,16시,16:39,17:05,16:39,16:39,17:05,26,15,28.8,28.8,37.56896427,127.0020909,청계8가
일요일,2,2,8,기업은행 무교지점 앞 가로등형 충전소,기업은행_무교지점,17시,17:27,18:11,17:27,17:27,18:11,44,13,25.0,25.0,37.56762877,126.9795662,청계3_코리아몰앞
일요일,2,2,9,청계3 노상공영주차장(코리아몰 앞),청계3_코리아몰앞,18시,18:29,19:01,18:29,18:29,19:01,32,11,21.2,21.2,37.56896427,127.0020909,기업은행_무교지점
일요일,2,2,10,청계5 노상공영주차장,청계5,20시,20:34,21:16,20:35,20:35,21:16,41,10,19.2,19.2,37.5681412,127.0024362,청계3_코리아몰앞
일요일,2,2,11,청계3 노상공영주차장(코리아몰 앞),청계3_코리아몰앞,21시,21:44,22:00,21:45,21:45,22:00,15,12,23.1,23.1,37.56896427,127.0020909,청계5
일요일,3,1,1,청계8가 노상공영주차장,청계8가,10시,10:29,10:57,10:29,10:29,10:57,28,10,19.2,19.2,37.56980089,127.0163871,청계3_코리아몰앞
일요일,3,1,2,청계8가 노상공영주차장,청계8가,11시,11:35,11:48,11:35,11:35,11:47,12,14,26.9,26.9,37.56980089,127.0163871,청계8가
일요일,3,1,3,청계3 노상공영주차장(코리아몰 앞),청계3_코리아몰앞,12시,12:35,13:03,12:35,12:35,13:03,28,18,34.6,34.6,37.56896427,127.0020909,청계8가
일요일,3,1,4,청계8가 노상공영주차장,청계8가,13시,13:25,13:45,13:25,13:25,13:45,20,18,34.6,34.6,37.56980089,127.0163871,청계3_코리아몰앞
일요일,3,1,5,청계3 노상공영주차장(코리아몰 앞),청계3_코리아몰앞,14시,14:32,15:08,14:32,14:32,15:08,36,15,28.8,28.8,37.56896427,127.0020909,청계8가
일요일,3,1,6,청계8가 노상공영주차장,청계8가,15시,15:33,16:05,15:33,15:33,16:05,32,14,26.9,26.9,37.56980089,127.0163871,청계3_코리아몰앞
일요일,3,1,7,청계3 노상공영주차장(코리아몰 앞),청계3_코리아몰앞,16시,16:39,17:05,16:39,16:39,17:05,26,15,28.8,28.8,37.56896427,127.0020909,청계8가
일요일,3,1,8,기업은행 무교지점 앞 가로등형 충전소,기업은행_무교지점,17시,17:27,18:11,17:27,17:27,18:11,44,13,25.0,25.0,37.56762877,126.9795662,청계3_코리아몰앞
일요일,3,1,9,청계3 노상공영주차장(코리아몰 앞),청계3_코리아몰앞,18시,18:29,19:01,18:29,18:29,19:01,32,11,21.2,21.2,37.56896427,127.0020909,기업은행_무교지점
일요일,3,1,10,훈련원공원 노상공영주차장,훈련원공원,20시,20:25,20:59,20:25,20:25,20:59,34,13,25.0,25.0,37.56692913,127.0043893,청계3_코리아몰앞
일요일,3,1,11,훈련원공원 노상공영주차장,훈련원공원,21시,21:33,21:56,21:33,21:33,21:56,23,15,28.8,28.8,37.56692913,127.0043893,훈련원공원
일요일,3,2,1,청계3 노상공영주차장(코리아몰 앞),청계3_코리아몰앞,10시,10:25,11:05,10:25,10:25,11:05,40,9,17.3,17.3,37.56896427,127.0020909,청계3_코리아몰앞
일요일,3,2,2,을지로 노상공영주차장(신한은행 앞),을지로_신한은행앞,11시,11:40,12:08,11:40,11:40,12:08,28,10,19.2,19.2,37.56710245,127.0017882,청계3_코리아몰앞
일요일,3,2,3,훈련원공원 노상공영주차장,훈련원공원,12시,12:28,13:01,12:28,12:28,13:01,33,11,21.2,21.2,37.56692913,127.0043893,을지로_신한은행앞
일요일,3,2,4,을지로 노상공영주차장(하나은행 앞),을지로_하나은행앞,13시,13:27,14:04,13:27,13:27,14:04,37,12,23.1,23.1,37.56680167,126.9966063,훈련원공원
일요일,3,2,5,청계8가 노상공영주차장,청계8가,14시,14:28,14:52,14:28,14:28,14:52,24,14,26.9,26.9,37.56980089,127.0163871,을지로_하나은행앞
일요일,3,2,6,청계3 노상공영주차장(코리아몰 앞),청계3_코리아몰앞,15시,15:27,15:54,15:27,15:27,15:53,26,10,19.2,19.2,37.56896427,127.0020909,청계8가
일요일,3,2,7,훈련원공원 노상공영주차장,훈련원공원,16시,16:36,17:25,16:36,16:36,17:21,45,17,32.7,32.7,37.56692913,127.0043893,청계3_코리아몰앞
일요일,3,2,8,청계3 노상공영주차장(코리아몰 앞),청계3_코리아몰앞,17시,17:24,17:54,17:24,17:24,17:54,30,12,23.1,23.1,37.56896427,127.0020909,훈련원공원
일요일,3,2,9,청계5 노상공영주차장,청계5,20시,20:34,21:16,20:35,20:35,21:16,41,10,19.2,19.2,37.5681412,127.0024362,청계3_코리아몰앞
일요일,3,2,10,청계3 노상공영주차장(코리아몰 앞),청계3_코리아몰앞,21시,21:44,22:00,21:45,21:45,22:00,15,12,23.1,23.1,37.56896427,127.0020909,청계5
일요일,3,3,1,훈련원공원 노상공영주차장,훈련원공원,10시,10:14,10:51,10:14,10:14,10:51,37,9,17.3,17.3,37.56692913,127.0043893,청계3_코리아몰앞
일요일,3,3,2,청계3 노상공영주차장(코리아몰 앞),청계3_코리아몰앞,11시,11:23,12:02,11:23,11:23,12:02,39,11,21.2,21.2,37.56896427,127.0020909,훈련원공원
일요일,3,3,3,을지로 노상공영주차장(하나은행 앞),을지로_하나은행앞,12시,12:24,12:58,12:24,12:24,12:58,34,11,21.2,21.2,37.56680167,126.9966063,청계3_코리아몰앞
일요일,3,3,4,청계3 노상공영주차장(코리아몰 앞),청계3_코리아몰앞,13시,13:40,14:16,13:40,13:40,14:15,35,18,34.6,34.6,37.56896427,127.0020909,을지로_하나은행앞
일요일,3,3,5,기업은행 무교지점 앞 가로등형 충전소,기업은행_무교지점,14시,14:33,15:01,14:33,14:33,15:01,28,14,26.9,26.9,37.56762877,126.9795662,청계3_코리아몰앞
일요일,3,3,6,훈련원공원 노상공영주차장,훈련원공원,15시,15:29,16:00,15:29,15:29,15:59,30,16,30.8,30.8,37.56692913,127.0043893,기업은행_무교지점
일요일,3,3,7,을지로 노상공영주차장(신한은행 앞),을지로_신한은행앞,16시,16:20,16:44,16:20,16:20,16:44,24,11,21.2,21.2,37.56710245,127.0017882,훈련원공원
일요일,3,3,8,훈련원공원 노상공영주차장,훈련원공원,17시,17:30,18:28,17:41,17:41,18:26,45,12,23.1,23.1,37.56692913,127.0043893,을지로_신한은행앞
일요일,3,3,9,훈련원공원 노상공영주차장,훈련원공원,18시,18:26,19:07,18:26,18:26,19:07,41,15,28.8,28.8,37.56692913,127.0043893,훈련원공원
일요일,3,3,10,기업은행 무교지점 앞 가로등형 충전소,기업은행_무교지점,19시,19:36,19:52,19:36,19:36,19:52,16,8,15.4,15.4,37.56762877,126.9795662,훈련원공원
일요일,3,3,11,청계3 노상공영주차장(코리아몰 앞),청계3_코리아몰앞,20시,20:32,21:13,20:32,20:32,21:13,41,10,19.2,19.2,37.56896427,127.0020909,기업은행_무교지점
일요일,3,3,12,을지로 노상공영주차장(하나은행 앞),을지로_하나은행앞,21시,21:27,21:47,21:28,21:28,21:47,19,10,19.2,19.2,37.56680167,126.9966063,청계3_코리아몰앞
일요일,4,1,1,청계3 노상공영주차장(코리아몰 앞),청계3_코리아몰앞,10시,10:25,11:05,10:25,10:25,11:05,40,9,17.3,17.3,37.56896427,127.0020909,청계3_코리아몰앞
일요일,4,1,2,청계3 노상공영주차장(코리아몰 앞),청계3_코리아몰앞,11시,11:23,12:02,11:23,11:23,12:02,39,11,21.2,21.2,37.56896427,127.0020909,청계3_코리아몰앞
일요일,4,1,3,을지로 노상공영주차장(신한은행 앞),을지로_신한은행앞,12시,12:38,13:13,12:38,12:38,13:13,35,10,19.2,19.2,37.56710245,127.0017882,청계3_코리아몰앞
일요일,4,1,4,청계3 노상공영주차장(고려상사 앞),청계3_고려상사앞,13시,13:21,13:52,13:21,13:21,13:52,31,11,21.2,21.2,37.56822248,127.0018662,을지로_신한은행앞
일요일,4,1,5,청계8가 노상공영주차장,청계8가,14시,14:28,14:52,14:28,14:28,14:52,24,14,26.9,26.9,37.56980089,127.0163871,청계3_고려상사앞
일요일,4,1,6,청계8가 노상공영주차장,청계8가,15시,15:33,16:05,15:33,15:33,16:05,32,14,26.9,26.9,37.56980089,127.0163871,청계8가
일요일,4,1,7,을지로 노상공영주차장(신한은행 앞),을지로_신한은행앞,16시,16:20,16:44,16:20,16:20,16:44,24,11,21.2,21.2,37.56710245,127.0017882,청계8가
일요일,4,1,8,훈련원공원 노상공영주차장,훈련원공원,17시,17:30,18:28,17:41,17:41,18:26,45,12,23.1,23.1,37.56692913,127.0043893,을지로_신한은행앞
일요일,4,1,9,청계3 노상공영주차장(코리아몰 앞),청계3_코리아몰앞,18시,18:29,19:01,18:29,18:29,19:01,32,11,21.2,21.2,37.56896427,127.0020909,훈련원공원
일요일,4,1,10,기업은행 무교지점 앞 가로등형 충전소,기업은행_무교지점,19시,19:36,19:52,19:36,19:36,19:52,16,8,15.4,15.4,37.56762877,126.9795662,청계3_코리아몰앞
일요일,4,1,11,청계5 노상공영주차장,청계5,20시,20:34,21:16,20:35,20:35,21:16,41,10,19.2,19.2,37.5681412,127.0024362,기업은행_무교지점
일요일,4,1,12,훈련원공원 노상공영주차장,훈련원공원,21시,21:33,21:56,21:33,21:33,21:56,23,15,28.8,28.8,37.56692913,127.0043893,청계5
일요일,4,2,1,청계8가 노상공영주차장,청계8가,10시,10:29,10:57,10:29,10:29,10:57,28,10,19.2,19.2,37.56980089,127.0163871,청계3_코리아몰앞
일요일,4,2,2,청계8가 노상공영주차장,청계8가,11시,11:35,11:48,11:35,11:35,11:47,12,14,26.9,26.9,37.56980089,127.0163871,청계8가
일요일,4,2,3,을지로 노상공영주차장(하나은행 앞),을지로_하나은행앞,12시,12:24,12:58,12:24,12:24,12:58,34,11,21.2,21.2,37.56680167,126.9966063,청계8가
일요일,4,2,4,청계8가 노상공영주차장,청계8가,13시,13:25,13:45,13:25,13:25,13:45,20,18,34.6,34.6,37.56980089,127.0163871,을지로_하나은행앞
일요일,4,2,5,기업은행 무교지점 앞 가로등형 충전소,기업은행_무교지점,14시,14:33,15:01,14:33,14:33,15:01,28,14,26.9,26.9,37.56762877,126.9795662,청계8가
일요일,4,2,6,청계3 노상공영주차장(코리아몰 앞),청계3_코리아몰앞,15시,15:27,15:54,15:27,15:27,15:53,26,10,19.2,19.2,37.56896427,127.0020909,기업은행_무교지점
일요일,4,2,7,훈련원공원 노상공영주차장,훈련원공원,16시,16:36,17:25,16:36,16:36,17:21,45,17,32.7,32.7,37.56692913,127.0043893,청계3_코리아몰앞
일요일,4,2,8,청계3 노상공영주차장(코리아몰 앞),청계3_코리아몰앞,17시,17:24,17:54,17:24,17:24,17:54,30,12,23.1,23.1,37.56896427,127.0020909,훈련원공원
일요일,4,2,9,훈련원공원 노상공영주차장,훈련원공원,20시,20:25,20:59,20:25,20:25,20:59,34,13,25.0,25.0,37.56692913,127.0043893,청계3_코리아몰앞
일요일,4,3,1,을지로 노상공영주차장(신한은행 앞),을지로_신한은행앞,11시,11:40,12:08,11:40,11:40,12:08,28,10,19.2,19.2,37.56710245,127.0017882,청계3_코리아몰앞
일요일,4,3,2,훈련원공원 노상공영주차장,훈련원공원,12시,12:28,13:01,12:28,12:28,13:01,33,11,21.2,21.2,37.56692913,127.0043893,을지로_신한은행앞
일요일,4,3,3,청계3 노상공영주차장(코리아몰 앞),청계3_코리아몰앞,13시,13:40,14:16,13:40,13:40,14:15,35,18,34.6,34.6,37.56896427,127.0020909,훈련원공원
일요일,4,3,4,청계3 노상공영주차장(코리아몰 앞),청계3_코리아몰앞,14시,14:32,15:08,14:32,14:32,15:08,36,15,28.8,28.8,37.56896427,127.0020909,청계3_코리아몰앞
일요일,4,3,5,훈련원공원 노상공영주차장,훈련원공원,15시,15:29,16:00,15:29,15:29,15:59,30,16,30.8,30.8,37.56692913,127.0043893,청계3_코리아몰앞
일요일,4,3,6,기업은행 무교지점 앞 가로등형 충전소,기업은행_무교지점,17시,17:27,18:11,17:27,17:27,18:11,44,13,25.0,25.0,37.56762877,126.9795662,훈련원공원
일요일,4,3,7,청계3 노상공영주차장(코리아몰 앞),청계3_코리아몰앞,20시,20:32,21:13,20:32,20:32,21:13,41,10,19.2,19.2,37.56896427,127.0020909,기업은행_무교지점
일요일,4,3,8,청계3 노상공영주차장(코리아몰 앞),청계3_코리아몰앞,21시,21:44,22:00,21:45,21:45,22:00,15,12,23.1,23.1,37.56896427,127.0020909,청계3_코리아몰앞
일요일,4,4,1,훈련원공원 노상공영주차장,훈련원공원,10시,10:14,10:51,10:14,10:14,10:51,37,9,17.3,17.3,37.56692913,127.0043893,청계3_코리아몰앞
일요일,4,4,2,청계3 노상공영주차장(코리아몰 앞),청계3_코리아몰앞,12시,12:35,13:03,12:35,12:35,13:03,28,18,34.6,34.6,37.56896427,127.0020909,훈련원공원
일요일,4,4,3,을지로 노상공영주차장(하나은행 앞),을지로_하나은행앞,13시,13:27,14:04,13:27,13:27,14:04,37,12,23.1,23.1,37.56680167,126.9966063,청계3_코리아몰앞
일요일,4,4,4,청계3 노상공영주차장(고려상사 앞),청계3_고려상사앞,14시,14:34,15:00,14:34,14:34,14:59,25,14,26.9,26.9,37.56822248,127.0018662,을지로_하나은행앞
일요일,4,4,5,청계3 노상공영주차장(코리아몰 앞),청계3_코리아몰앞,16시,16:39,17:05,16:39,16:39,17:05,26,15,28.8,28.8,37.56896427,127.0020909,청계3_고려상사앞
일요일,4,4,6,훈련원공원 노상공영주차장,훈련원공원,18시,18:26,19:07,18:26,18:26,19:07,41,15,28.8,28.8,37.56692913,127.0043893,청계3_코리아몰앞
일요일,4,4,7,기업은행 무교지점 앞 가로등형 충전소,기업은행_무교지점,20시,20:32,21:04,20:32,20:32,21:04,32,8,15.4,15.4,37.56762877,126.9795662,훈련원공원
일요일,4,4,8,을지로 노상공영주차장(하나은행 앞),을지로_하나은행앞,21시,21:27,21:47,21:28,21:28,21:47,19,10,19.2,19.2,37.56680167,126.9966063,기업은행_무교지점
일요일,5,1,1,청계8가 노상공영주차장,청계8가,10시,10:29,10:57,10:29,10:29,10:57,28,10,19.2,19.2,37.56980089,127.0163871,청계3_코리아몰앞
일요일,5,1,2,청계8가 노상공영주차장,청계8가,11시,11:35,11:48,11:35,11:35,11:47,12,14,26.9,26.9,37.56980089,127.0163871,청계8가
일요일,5,1,3,청계8가 노상공영주차장,청계8가,12시,12:19,12:44,12:19,12:19,12:44,25,9,17.3,17.3,37.56980089,127.0163871,청계8가
일요일,5,1,4,청계3 노상공영주차장(코리아몰 앞),청계3_코리아몰앞,13시,13:40,14:16,13:40,13:40,14:15,35,18,34.6,34.6,37.56896427,127.0020909,청계8가
일요일,5,1,5,청계3 노상공영주차장(코리아몰 앞),청계3_코리아몰앞,14시,14:32,15:08,14:32,14:32,15:08,36,15,28.8,28.8,37.56896427,127.0020909,청계3_코리아몰앞
일요일,5,1,6,훈련원공원 노상공영주차장,훈련원공원,15시,15:29,16:00,15:29,15:29,15:59,30,16,30.8,30.8,37.56692913,127.0043893,청계3_코리아몰앞
일요일,5,1,7,을지로 노상공영주차장(신한은행 앞),을지로_신한은행앞,16시,16:20,16:44,16:20,16:20,16:44,24,11,21.2,21.2,37.56710245,127.0017882,훈련원공원
일요일,5,1,8,청계3 노상공영주차장(코리아몰 앞),청계3_코리아몰앞,17시,17:24,17:54,17:24,17:24,17:54,30,12,23.1,23.1,37.56896427,127.0020909,을지로_신한은행앞
일요일,5,1,9,훈련원공원 노상공영주차장,훈련원공원,18시,18:26,19:07,18:26,18:26,19:07,41,15,28.8,28.8,37.56692913,127.0043893,청계3_코리아몰앞
일요일,5,1,10,기업은행 무교지점 앞 가로등형 충전소,기업은행_무교지점,19시,19:36,19:52,19:36,19:36,19:52,16,8,15.4,15.4,37.56762877,126.9795662,훈련원공원
일요일,5,1,11,훈련원공원 노상공영주차장,훈련원공원,20시,20:25,20:59,20:25,20:25,20:59,34,13,25.0,25.0,37.56692913,127.0043893,기업은행_무교지점
일요일,5,1,12,훈련원공원 노상공영주차장,훈련원공원,21시,21:33,21:56,21:33,21:33,21:56,23,15,28.8,28.8,37.56692913,127.0043893,훈련원공원
일요일,5,2,1,청계3 노상공영주차장(코리아몰 앞),청계3_코리아몰앞,10시,10:25,11:05,10:25,10:25,11:05,40,9,17.3,17.3,37.56896427,127.0020909,청계3_코리아몰앞
일요일,5,2,2,청계3 노상공영주차장(코리아몰 앞),청계3_코리아몰앞,11시,11:23,12:02,11:23,11:23,12:02,39,11,21.2,21.2,37.56896427,127.0020909,청계3_코리아몰앞
일요일,5,2,3,을지로 노상공영주차장(하나은행 앞),을지로_하나은행앞,12시,12:24,12:58,12:24,12:24,12:58,34,11,21.2,21.2,37.56680167,126.9966063,청계3_코리아몰앞
일요일,5,2,4,청계3 노상공영주차장(고려상사 앞),청계3_고려상사앞,13시,13:21,13:52,13:21,13:21,13:52,31,11,21.2,21.2,37.56822248,127.0018662,을지로_하나은행앞
일요일,5,2,5,기업은행 무교지점 앞 가로등형 충전소,기업은행_무교지점,14시,14:33,15:01,14:33,14:33,15:01,28,14,26.9,26.9,37.56762877,126.9795662,청계3_고려상사앞
일요일,5,2,6,청계3 노상공영주차장(코리아몰 앞),청계3_코리아몰앞,15시,15:27,15:54,15:27,15:27,15:53,26,10,19.2,19.2,37.56896427,127.0020909,기업은행_무교지점
일요일,5,2,7,청계5 노상공영주차장,청계5,20시,20:34,21:16,20:35,20:35,21:16,41,10,19.2,19.2,37.5681412,127.0024362,청계3_코리아몰앞
일요일,5,3,1,청계3 노상공영주차장(코리아몰 앞),청계3_코리아몰앞,12시,12:35,13:03,12:35,12:35,13:03,28,18,34.6,34.6,37.56896427,127.0020909,청계3_코리아몰앞
일요일,5,3,2,청계8가 노상공영주차장,청계8가,13시,13:25,13:45,13:25,13:25,13:45,20,18,34.6,34.6,37.56980089,127.0163871,청계3_코리아몰앞
일요일,5,3,3,훈련원공원 노상공영주차장,훈련원공원,14시,14:19,14:42,14:19,14:19,14:42,23,11,21.2,21.2,37.56692913,127.0043893,청계8가
일요일,5,3,4,기업은행 무교지점 앞 가로등형 충전소,기업은행_무교지점,17시,17:27,18:11,17:27,17:27,18:11,44,13,25.0,25.0,37.56762877,126.9795662,훈련원공원
일요일,5,3,5,기업은행 무교지점 앞 가로등형 충전소,기업은행_무교지점,20시,20:32,21:04,20:32,20:32,21:04,32,8,15.4,15.4,37.56762877,126.9795662,기업은행_무교지점
일요일,5,3,6,청계3 노상공영주차장(코리아몰 앞),청계3_코리아몰앞,21시,21:44,22:00,21:45,21:45,22:00,15,12,23.1,23.1,37.56896427,127.0020909,기업은행_무교지점
일요일,5,4,1,을지로 노상공영주차장(신한은행 앞),을지로_신한은행앞,11시,11:40,12:08,11:40,11:40,12:08,28,10,19.2,19.2,37.56710245,127.0017882,청계3_코리아몰앞
일요일,5,4,2,훈련원공원 노상공영주차장,훈련원공원,12시,12:28,13:01,12:28,12:28,13:01,33,11,21.2,21.2,37.56692913,127.0043893,을지로_신한은행앞
일요일,5,4,3,을지로 노상공영주차장(하나은행 앞),을지로_하나은행앞,13시,13:27,14:04,13:27,13:27,14:04,37,12,23.1,23.1,37.56680167,126.9966063,훈련원공원
일요일,5,4,4,청계3 노상공영주차장(고려상사 앞),청계3_고려상사앞,14시,14:34,15:00,14:34,14:34,14:59,25,14,26.9,26.9,37.56822248,127.0018662,을지로_하나은행앞
일요일,5,4,5,훈련원공원 노상공영주차장,훈련원공원,16시,16:36,17:25,16:36,16:36,17:21,45,17,32.7,32.7,37.56692913,127.0043893,청계3_고려상사앞
일요일,5,4,6,훈련원공원 노상공영주차장,훈련원공원,17시,17:30,18:28,17:41,17:41,18:26,45,12,23.1,23.1,37.56692913,127.0043893,훈련원공원
일요일,5,4,7,청계3 노상공영주차장(코리아몰 앞),청계3_코리아몰앞,20시,20:32,21:13,20:32,20:32,21:13,41,10,19.2,19.2,37.56896427,127.0020909,훈련원공원
일요일,5,5,1,훈련원공원 노상공영주차장,훈련원공원,10시,10:14,10:51,10:14,10:14,10:51,37,9,17.3,17.3,37.56692913,127.0043893,청계3_코리아몰앞
일요일,5,5,2,을지로 노상공영주차장(신한은행 앞),을지로_신한은행앞,12시,12:38,13:13,12:38,12:38,13:13,35,10,19.2,19.2,37.56710245,127.0017882,훈련원공원
일요일,5,5,3,훈련원공원 노상공영주차장,훈련원공원,13시,13:36,13:56,13:36,13:36,13:55,19,10,19.2,19.2,37.56692913,127.0043893,을지로_신한은행앞
일요일,5,5,4,청계8가 노상공영주차장,청계8가,14시,14:28,14:52,14:28,14:28,14:52,24,14,26.9,26.9,37.56980089,127.0163871,훈련원공원
일요일,5,5,5,청계8가 노상공영주차장,청계8가,15시,15:33,16:05,15:33,15:33,16:05,32,14,26.9,26.9,37.56980089,127.0163871,청계8가
일요일,5,5,6,청계3 노상공영주차장(코리아몰 앞),청계3_코리아몰앞,16시,16:39,17:05,16:39,16:39,17:05,26,15,28.8,28.8,37.56896427,127.0020909,청계8가
일요일,5,5,7,청계3 노상공영주차장(코리아몰 앞),청계3_코리아몰앞,18시,18:29,19:01,18:29,18:29,19:01,32,11,21.2,21.2,37.56896427,127.0020909,청계3_코리아몰앞
일요일,5,5,8,을지로 노상공영주차장(하나은행 앞),을지로_하나은행앞,21시,21:27,21:47,21:28,21:28,21:47,19,10,19.2,19.2,37.56680167,126.9966063,청계3_코리아몰앞
공휴일,1,1,1,기업은행 무교지점 앞 가로등형 충전소,기업은행_무교지점,06시,06:38,07:19,06:38,06:38,07:19,41,2,13.3,13.3,37.56762877,126.9795662,청계3_코리아몰앞
공휴일,1,1,2,훈련원공원 노상공영주차장,훈련원공원,07시,07:43,08:05,07:43,07:43,08:05,22,3,20.0,20.0,37.56692913,127.0043893,기업은행_무교지점
공휴일,1,1,3,훈련원공원 노상공영주차장,훈련원공원,08시,08:41,09:21,08:41,08:41,09:20,39,4,26.7,26.7,37.56692913,127.0043893,훈련원공원
공휴일,1,1,4,훈련원공원 노상공영주차장,훈련원공원,09시,09:23,10:21,09:23,09:23,10:08,45,4,26.7,26.7,37.56692913,127.0043893,훈련원공원
공휴일,1,1,5,청계3 노상공영주차장(코리아몰 앞),청계3_코리아몰앞,10시,10:30,11:12,10:30,10:30,11:12,42,5,33.3,33.3,37.56896427,127.0020909,훈련원공원
공휴일,1,1,6,훈련원공원 노상공영주차장,훈련원공원,11시,11:11,12:23,11:20,11:20,12:05,45,4,26.7,26.7,37.56692913,127.0043893,청계3_코리아몰앞
공휴일,1,1,7,청계3 노상공영주차장(코리아몰 앞),청계3_코리아몰앞,12시,12:14,13:22,12:23,12:23,13:08,45,7,46.7,46.7,37.56896427,127.0020909,훈련원공원
공휴일,1,1,8,을지로 노상공영주차장(신한은행 앞),을지로_신한은행앞,13시,13:29,13:46,13:29,13:29,13:46,17,4,26.7,26.7,37.56710245,127.0017882,청계3_코리아몰앞
공휴일,1,1,9,청계3 노상공영주차장(코리아몰 앞),청계3_코리아몰앞,14시,14:28,14:58,14:28,14:28,14:58,30,9,60.0,60.0,37.56896427,127.0020909,을지로_신한은행앞
공휴일,1,1,10,청계3 노상공영주차장(코리아몰 앞),청계3_코리아몰앞,15시,15:44,16:08,15:44,15:44,16:08,24,7,46.7,46.7,37.56896427,127.0020909,청계3_코리아몰앞
공휴일,1,1,11,훈련원공원 노상공영주차장,훈련원공원,16시,16:25,17:19,16:34,16:34,17:19,45,6,40.0,40.0,37.56692913,127.0043893,청계3_코리아몰앞
공휴일,1,1,12,청계3 노상공영주차장(코리아몰 앞),청계3_코리아몰앞,17시,17:25,18:23,17:38,17:38,18:23,45,6,40.0,40.0,37.56896427,127.0020909,훈련원공원
공휴일,1,1,13,청계3 노상공영주차장(코리아몰 앞),청계3_코리아몰앞,18시,18:25,18:54,18:25,18:25,18:54,29,3,20.0,20.0,37.56896427,127.0020909,청계3_코리아몰앞
공휴일,1,1,14,기업은행 무교지점 앞 가로등형 충전소,기업은행_무교지점,19시,19:28,20:14,19:28,19:28,20:13,45,3,20.0,20.0,37.56762877,126.9795662,청계3_코리아몰앞
공휴일,1,1,15,청계5 노상공영주차장,청계5,20시,20:30,20:48,20:30,20:30,20:48,18,4,26.7,26.7,37.5681412,127.0024362,기업은행_무교지점
공휴일,1,1,16,훈련원공원 노상공영주차장,훈련원공원,20시,20:13,21:57,20:54,20:54,21:39,45,4,26.7,26.7,37.56692913,127.0043893,청계5
공휴일,2,1,1,기업은행 무교지점 앞 가로등형 충전소,기업은행_무교지점,06시,06:38,07:19,06:38,06:38,07:19,41,2,13.3,13.3,37.56762877,126.9795662,청계3_코리아몰앞
공휴일,2,1,2,훈련원공원 노상공영주차장,훈련원공원,07시,07:43,08:05,07:43,07:43,08:05,22,3,20.0,20.0,37.56692913,127.0043893,기업은행_무교지점
공휴일,2,1,3,훈련원공원 노상공영주차장,훈련원공원,08시,08:41,09:21,08:41,08:41,09:20,39,4,26.7,26.7,37.56692913,127.0043893,훈련원공원
공휴일,2,1,4,훈련원공원 노상공영주차장,훈련원공원,09시,09:23,10:21,09:23,09:23,10:08,45,4,26.7,26.7,37.56692913,127.0043893,훈련원공원
공휴일,2,1,5,청계3 노상공영주차장(코리아몰 앞),청계3_코리아몰앞,10시,10:30,11:12,10:30,10:30,11:12,42,5,33.3,33.3,37.56896427,127.0020909,훈련원공원
공휴일,2,1,6,훈련원공원 노상공영주차장,훈련원공원,11시,11:11,12:23,11:16,11:16,12:01,45,4,26.7,26.7,37.56692913,127.0043893,청계3_코리아몰앞
공휴일,2,1,7,훈련원공원 노상공영주차장,훈련원공원,12시,12:19,13:42,12:26,12:26,13:11,45,4,26.7,26.7,37.56692913,127.0043893,훈련원공원
공휴일,2,1,8,청계3 노상공영주차장(코리아몰 앞),청계3_코리아몰앞,13시,13:10,13:59,13:14,13:14,13:59,45,4,26.7,26.7,37.56896427,127.0020909,훈련원공원
공휴일,2,1,9,청계3 노상공영주차장(코리아몰 앞),청계3_코리아몰앞,14시,14:28,14:58,14:28,14:28,14:58,30,9,60.0,60.0,37.56896427,127.0020909,청계3_코리아몰앞
공휴일,2,1,10,훈련원공원 노상공영주차장,훈련원공원,15시,15:26,15:56,15:26,15:26,15:56,30,6,40.0,40.0,37.56692913,127.0043893,청계3_코리아몰앞
공휴일,2,1,11,훈련원공원 노상공영주차장,훈련원공원,16시,16:25,17:19,16:34,16:34,17:19,45,6,40.0,40.0,37.56692913,127.0043893,훈련원공원
공휴일,2,1,12,청계3 노상공영주차장(코리아몰 앞),청계3_코리아몰앞,17시,17:25,18:23,17:38,17:38,18:23,45,6,40.0,40.0,37.56896427,127.0020909,훈련원공원
공휴일,2,1,13,청계3 노상공영주차장(코리아몰 앞),청계3_코리아몰앞,18시,18:25,18:54,18:25,18:25,18:54,29,3,20.0,20.0,37.56896427,127.0020909,청계3_코리아몰앞
공휴일,2,1,14,기업은행 무교지점 앞 가로등형 충전소,기업은행_무교지점,19시,19:28,20:14,19:28,19:28,20:13,45,3,20.0,20.0,37.56762877,126.9795662,청계3_코리아몰앞
공휴일,2,1,15,청계3 노상공영주차장(코리아몰 앞),청계3_코리아몰앞,20시,20:34,21:13,20:34,20:34,21:13,39,4,26.7,26.7,37.56896427,127.0020909,기업은행_무교지점
공휴일,2,1,16,훈련원공원 노상공영주차장,훈련원공원,21시,21:30,21:42,21:30,21:30,21:42,12,3,20.0,20.0,37.56692913,127.0043893,청계3_코리아몰앞
공휴일,2,2,1,청계3 노상공영주차장(코리아몰 앞),청계3_코리아몰앞,08시,08:37,09:08,08:37,08:37,09:08,31,3,20.0,20.0,37.56896427,127.0020909,청계3_코리아몰앞
공휴일,2,2,2,을지로 노상공영주차장(하나은행 앞),을지로_하나은행앞,09시,09:11,09:56,09:11,09:11,09:56,45,3,20.0,20.0,37.56680167,126.9966063,청계3_코리아몰앞
공휴일,2,2,3,을지로 노상공영주차장(하나은행 앞),을지로_하나은행앞,10시,10:09,10:46,10:09,10:09,10:46,37,3,20.0,20.0,37.56680167,126.9966063,을지로_하나은행앞
공휴일,2,2,4,을지로 노상공영주차장(신한은행 앞),을지로_신한은행앞,11시,11:34,12:01,11:34,11:34,12:00,26,4,26.7,26.7,37.56710245,127.0017882,을지로_하나은행앞
공휴일,2,2,5,청계3 노상공영주차장(코리아몰 앞),청계3_코리아몰앞,12시,12:14,13:22,12:23,12:23,13:08,45,7,46.7,46.7,37.56896427,127.0020909,을지로_신한은행앞
공휴일,2,2,6,훈련원공원 노상공영주차장,훈련원공원,13시,13:30,14:06,13:30,13:30,14:06,36,4,26.7,26.7,37.56692913,127.0043893,청계3_코리아몰앞
공휴일,2,2,7,을지로 노상공영주차장(신한은행 앞),을지로_신한은행앞,14시,14:32,15:06,14:32,14:32,15:06,34,7,46.7,46.7,37.56710245,127.0017882,훈련원공원
공휴일,2,2,8,청계3 노상공영주차장(코리아몰 앞),청계3_코리아몰앞,15시,15:44,16:08,15:44,15:44,16:08,24,7,46.7,46.7,37.56896427,127.0020909,을지로_신한은행앞
공휴일,2,2,9,청계3 노상공영주차장(코리아몰 앞),청계3_코리아몰앞,16시,16:11,16:55,16:12,16:12,16:55,43,4,26.7,26.7,37.56896427,127.0020909,청계3_코리아몰앞
공휴일,2,2,10,훈련원공원 노상공영주차장,훈련원공원,17시,17:35,18:30,17:37,17:37,18:22,45,3,20.0,20.0,37.56692913,127.0043893,청계3_코리아몰앞
공휴일,2,2,11,훈련원공원 노상공영주차장,훈련원공원,18시,18:32,19:24,18:39,18:39,19:24,45,4,26.7,26.7,37.56692913,127.0043893,훈련원공원
공휴일,2,2,12,청계5 노상공영주차장,청계5,20시,20:30,20:48,20:30,20:30,20:48,18,4,26.7,26.7,37.5681412,127.0024362,훈련원공원
공휴일,2,2,13,훈련원공원 노상공영주차장,훈련원공원,20시,20:13,21:57,20:54,20:54,21:39,45,4,26.7,26.7,37.56692913,127.0043893,청계5
공휴일,3,1,1,기업은행 무교지점 앞 가로등형 충전소,기업은행_무교지점,06시,06:38,07:19,06:38,06:38,07:19,41,2,13.3,13.3,37.56762877,126.9795662,청계3_코리아몰앞
공휴일,3,1,2,기업은행 무교지점 앞 가로등형 충전소,기업은행_무교지점,07시,07:56,08:42,07:56,07:56,08:41,45,2,13.3,13.3,37.56762877,126.9795662,기업은행_무교지점
공휴일,3,1,3,훈련원공원 노상공영주차장,훈련원공원,09시,09:23,10:21,09:23,09:23,10:08,45,4,26.7,26.7,37.56692913,127.0043893,기업은행_무교지점
공휴일,3,1,4,기업은행 무교지점 앞 가로등형 충전소,기업은행_무교지점,10시,10:25,11:34,10:25,10:25,11:10,45,2,13.3,13.3,37.56762877,126.9795662,훈련원공원
공휴일,3,1,5,청계3 노상공영주차장(코리아몰 앞),청계3_코리아몰앞,11시,11:46,12:23,11:46,11:46,12:23,37,4,26.7,26.7,37.56896427,127.0020909,기업은행_무교지점
공휴일,3,1,6,청계3 노상공영주차장(코리아몰 앞),청계3_코리아몰앞,12시,12:14,13:22,12:23,12:23,13:08,45,7,46.7,46.7,37.56896427,127.0020909,청계3_코리아몰앞
공휴일,3,1,7,훈련원공원 노상공영주차장,훈련원공원,13시,13:30,14:06,13:30,13:30,14:06,36,4,26.7,26.7,37.56692913,127.0043893,청계3_코리아몰앞
공휴일,3,1,8,을지로 노상공영주차장(신한은행 앞),을지로_신한은행앞,14시,14:32,15:06,14:32,14:32,15:06,34,7,46.7,46.7,37.56710245,127.0017882,훈련원공원
공휴일,3,1,9,훈련원공원 노상공영주차장,훈련원공원,15시,15:26,15:56,15:26,15:26,15:56,30,6,40.0,40.0,37.56692913,127.0043893,을지로_신한은행앞
공휴일,3,1,10,청계8가 노상공영주차장,청계8가,16시,16:08,16:31,16:08,16:08,16:31,23,3,20.0,20.0,37.56980089,127.0163871,훈련원공원
공휴일,3,1,11,청계3 노상공영주차장(코리아몰 앞),청계3_코리아몰앞,17시,17:25,18:23,17:38,17:38,18:23,45,6,40.0,40.0,37.56896427,127.0020909,청계8가
공휴일,3,1,12,청계3 노상공영주차장(코리아몰 앞),청계3_코리아몰앞,18시,18:25,18:54,18:25,18:25,18:54,29,3,20.0,20.0,37.56896427,127.0020909,청계3_코리아몰앞
공휴일,3,1,13,기업은행 무교지점 앞 가로등형 충전소,기업은행_무교지점,19시,19:28,20:14,19:28,19:28,20:13,45,3,20.0,20.0,37.56762877,126.9795662,청계3_코리아몰앞
공휴일,3,1,14,청계3 노상공영주차장(코리아몰 앞),청계3_코리아몰앞,20시,20:34,21:13,20:34,20:34,21:13,39,4,26.7,26.7,37.56896427,127.0020909,기업은행_무교지점
공휴일,3,1,15,훈련원공원 노상공영주차장,훈련원공원,21시,21:30,21:42,21:30,21:30,21:42,12,3,20.0,20.0,37.56692913,127.0043893,청계3_코리아몰앞
공휴일,3,2,1,훈련원공원 노상공영주차장,훈련원공원,08시,08:41,09:21,08:41,08:41,09:20,39,4,26.7,26.7,37.56692913,127.0043893,청계3_코리아몰앞
공휴일,3,2,2,을지로 노상공영주차장(하나은행 앞),을지로_하나은행앞,10시,10:09,10:46,10:09,10:09,10:46,37,3,20.0,20.0,37.56680167,126.9966063,훈련원공원
공휴일,3,2,3,을지로 노상공영주차장(신한은행 앞),을지로_신한은행앞,11시,11:34,12:01,11:34,11:34,12:00,26,4,26.7,26.7,37.56710245,127.0017882,을지로_하나은행앞
공휴일,3,2,4,훈련원공원 노상공영주차장,훈련원공원,12시,12:19,13:42,12:26,12:26,13:11,45,4,26.7,26.7,37.56692913,127.0043893,을지로_신한은행앞
공휴일,3,2,5,청계3 노상공영주차장(코리아몰 앞),청계3_코리아몰앞,13시,13:10,13:59,13:14,13:14,13:59,45,4,26.7,26.7,37.56896427,127.0020909,훈련원공원
공휴일,3,2,6,청계3 노상공영주차장(코리아몰 앞),청계3_코리아몰앞,14시,14:28,14:58,14:28,14:28,14:58,30,9,60.0,60.0,37.56896427,127.0020909,청계3_코리아몰앞
공휴일,3,2,7,청계3 노상공영주차장(코리아몰 앞),청계3_코리아몰앞,15시,15:44,16:08,15:44,15:44,16:08,24,7,46.7,46.7,37.56896427,127.0020909,청계3_코리아몰앞
공휴일,3,2,8,청계3 노상공영주차장(코리아몰 앞),청계3_코리아몰앞,16시,16:11,16:55,16:12,16:12,16:55,43,4,26.7,26.7,37.56896427,127.0020909,청계3_코리아몰앞
공휴일,3,2,9,을지로 노상공영주차장(하나은행 앞),을지로_하나은행앞,17시,17:30,18:50,17:34,17:34,18:19,45,3,20.0,20.0,37.56680167,126.9966063,청계3_코리아몰앞
공휴일,3,2,10,훈련원공원 노상공영주차장,훈련원공원,20시,20:13,21:57,20:54,20:54,21:39,45,4,26.7,26.7,37.56692913,127.0043893,을지로_하나은행앞
공휴일,3,3,1,훈련원공원 노상공영주차장,훈련원공원,07시,07:43,08:05,07:43,07:43,08:05,22,3,20.0,20.0,37.56692913,127.0043893,청계3_코리아몰앞
공휴일,3,3,2,청계3 노상공영주차장(코리아몰 앞),청계3_코리아몰앞,08시,08:37,09:08,08:37,08:37,09:08,31,3,20.0,20.0,37.56896427,127.0020909,훈련원공원
공휴일,3,3,3,을지로 노상공영주차장(하나은행 앞),을지로_하나은행앞,09시,09:11,09:56,09:11,09:11,09:56,45,3,20.0,20.0,37.56680167,126.9966063,청계3_코리아몰앞
공휴일,3,3,4,청계3 노상공영주차장(코리아몰 앞),청계3_코리아몰앞,10시,10:30,11:12,10:30,10:30,11:12,42,5,33.3,33.3,37.56896427,127.0020909,을지로_하나은행앞
공휴일,3,3,5,훈련원공원 노상공영주차장,훈련원공원,11시,11:11,12:23,11:16,11:16,12:01,45,4,26.7,26.7,37.56692913,127.0043893,청계3_코리아몰앞
공휴일,3,3,6,을지로 노상공영주차장(하나은행 앞),을지로_하나은행앞,12시,12:42,13:00,12:42,12:42,13:00,18,3,20.0,20.0,37.56680167,126.9966063,훈련원공원
공휴일,3,3,7,을지로 노상공영주차장(신한은행 앞),을지로_신한은행앞,13시,13:29,13:46,13:29,13:29,13:46,17,4,26.7,26.7,37.56710245,127.0017882,을지로_하나은행앞
공휴일,3,3,8,을지로 노상공영주차장(하나은행 앞),을지로_하나은행앞,13시,13:41,14:34,13:49,13:49,14:34,45,7,46.7,46.7,37.56680167,126.9966063,을지로_신한은행앞
공휴일,3,3,9,청계5 노상공영주차장,청계5,15시,15:45,15:52,15:45,15:45,15:52,7,3,20.0,20.0,37.5681412,127.0024362,을지로_하나은행앞
공휴일,3,3,10,훈련원공원 노상공영주차장,훈련원공원,16시,16:25,17:19,16:34,16:34,17:19,45,6,40.0,40.0,37.56692913,127.0043893,청계5
공휴일,3,3,11,훈련원공원 노상공영주차장,훈련원공원,17시,17:35,18:30,17:37,17:37,18:22,45,3,20.0,20.0,37.56692913,127.0043893,훈련원공원
공휴일,3,3,12,훈련원공원 노상공영주차장,훈련원공원,18시,18:32,19:24,18:39,18:39,19:24,45,4,26.7,26.7,37.56692913,127.0043893,훈련원공원
공휴일,3,3,13,청계5 노상공영주차장,청계5,20시,20:30,20:48,20:30,20:30,20:48,18,4,26.7,26.7,37.5681412,127.0024362,훈련원공원
공휴일,4,1,1,기업은행 무교지점 앞 가로등형 충전소,기업은행_무교지점,06시,06:38,07:19,06:38,06:38,07:19,41,2,13.3,13.3,37.56762877,126.9795662,청계3_코리아몰앞
공휴일,4,1,2,훈련원공원 노상공영주차장,훈련원공원,07시,07:43,08:05,07:43,07:43,08:05,22,3,20.0,20.0,37.56692913,127.0043893,기업은행_무교지점
공휴일,4,1,3,훈련원공원 노상공영주차장,훈련원공원,09시,09:23,10:21,09:23,09:23,10:08,45,4,26.7,26.7,37.56692913,127.0043893,훈련원공원
공휴일,4,1,4,기업은행 무교지점 앞 가로등형 충전소,기업은행_무교지점,10시,10:25,11:34,10:25,10:25,11:10,45,2,13.3,13.3,37.56762877,126.9795662,훈련원공원
공휴일,4,1,5,훈련원공원 노상공영주차장,훈련원공원,11시,11:11,12:23,11:20,11:20,12:05,45,4,26.7,26.7,37.56692913,127.0043893,기업은행_무교지점
공휴일,4,1,6,을지로 노상공영주차장(하나은행 앞),을지로_하나은행앞,12시,12:42,13:00,12:42,12:42,13:00,18,3,20.0,20.0,37.56680167,126.9966063,훈련원공원
공휴일,4,1,7,기업은행 무교지점 앞 가로등형 충전소,기업은행_무교지점,13시,13:40,14:16,13:40,13:40,14:16,36,2,13.3,13.3,37.56762877,126.9795662,을지로_하나은행앞
공휴일,4,1,8,을지로 노상공영주차장(신한은행 앞),을지로_신한은행앞,14시,14:32,15:06,14:32,14:32,15:06,34,7,46.7,46.7,37.56710245,127.0017882,기업은행_무교지점
공휴일,4,1,9,청계3 노상공영주차장(코리아몰 앞),청계3_코리아몰앞,15시,15:44,16:08,15:44,15:44,16:08,24,7,46.7,46.7,37.56896427,127.0020909,을지로_신한은행앞
공휴일,4,1,10,기업은행 무교지점 앞 가로등형 충전소,기업은행_무교지점,17시,17:44,19:04,17:44,17:44,18:29,45,2,13.3,13.3,37.56762877,126.9795662,청계3_코리아몰앞
공휴일,4,1,11,청계5 노상공영주차장,청계5,20시,20:30,20:48,20:30,20:30,20:48,18,4,26.7,26.7,37.5681412,127.0024362,기업은행_무교지점
공휴일,4,2,1,기업은행 무교지점 앞 가로등형 충전소,기업은행_무교지점,07시,07:56,08:42,07:56,07:56,08:41,45,2,13.3,13.3,37.56762877,126.9795662,청계3_코리아몰앞
공휴일,4,2,2,을지로 노상공영주차장(하나은행 앞),을지로_하나은행앞,09시,09:11,09:56,09:11,09:11,09:56,45,3,20.0,20.0,37.56680167,126.9966063,기업은행_무교지점
공휴일,4,2,3,청계3 노상공영주차장(코리아몰 앞),청계3_코리아몰앞,10시,10:30,11:12,10:30,10:30,11:12,42,5,33.3,33.3,37.56896427,127.0020909,을지로_하나은행앞
공휴일,4,2,4,기업은행 무교지점 앞 가로등형 충전소,기업은행_무교지점,12시,12:23,12:45,12:23,12:23,12:45,22,3,20.0,20.0,37.56762877,126.9795662,청계3_코리아몰앞
공휴일,4,2,5,청계3 노상공영주차장(코리아몰 앞),청계3_코리아몰앞,13시,13:10,13:59,13:14,13:14,13:59,45,4,26.7,26.7,37.56896427,127.0020909,기업은행_무교지점
공휴일,4,2,6,청계3 노상공영주차장(코리아몰 앞),청계3_코리아몰앞,14시,14:28,14:58,14:28,14:28,14:58,30,9,60.0,60.0,37.56896427,127.0020909,청계3_코리아몰앞
공휴일,4,2,7,훈련원공원 노상공영주차장,훈련원공원,15시,15:26,15:56,15:26,15:26,15:56,30,6,40.0,40.0,37.56692913,127.0043893,청계3_코리아몰앞
공휴일,4,2,8,청계3 노상공영주차장(코리아몰 앞),청계3_코리아몰앞,16시,16:11,16:55,16:12,16:12,16:55,43,4,26.7,26.7,37.56896427,127.0020909,훈련원공원
공휴일,4,2,9,훈련원공원 노상공영주차장,훈련원공원,17시,17:35,18:30,17:37,17:37,18:22,45,3,20.0,20.0,37.56692913,127.0043893,청계3_코리아몰앞
공휴일,4,2,10,청계3 노상공영주차장(코리아몰 앞),청계3_코리아몰앞,18시,18:25,18:54,18:25,18:25,18:54,29,3,20.0,20.0,37.56896427,127.0020909,훈련원공원
공휴일,4,2,11,훈련원공원 노상공영주차장,훈련원공원,21시,21:30,21:42,21:30,21:30,21:42,12,3,20.0,20.0,37.56692913,127.0043893,청계3_코리아몰앞
공휴일,4,3,1,청계3 노상공영주차장(코리아몰 앞),청계3_코리아몰앞,08시,08:37,09:08,08:37,08:37,09:08,31,3,20.0,20.0,37.56896427,127.0020909,청계3_코리아몰앞
공휴일,4,3,2,을지로 노상공영주차장(하나은행 앞),을지로_하나은행앞,10시,10:09,10:46,10:09,10:09,10:46,37,3,20.0,20.0,37.56680167,126.9966063,청계3_코리아몰앞
공휴일,4,3,3,청계3 노상공영주차장(코리아몰 앞),청계3_코리아몰앞,11시,11:46,12:23,11:46,11:46,12:23,37,4,26.7,26.7,37.56896427,127.0020909,을지로_하나은행앞
공휴일,4,3,4,청계3 노상공영주차장(코리아몰 앞),청계3_코리아몰앞,12시,12:14,13:22,12:23,12:23,13:08,45,7,46.7,46.7,37.56896427,127.0020909,청계3_코리아몰앞
공휴일,4,3,5,을지로 노상공영주차장(신한은행 앞),을지로_신한은행앞,13시,13:29,13:46,13:29,13:29,13:46,17,4,26.7,26.7,37.56710245,127.0017882,청계3_코리아몰앞
공휴일,4,3,6,을지로 노상공영주차장(하나은행 앞),을지로_하나은행앞,13시,13:41,14:34,13:49,13:49,14:34,45,7,46.7,46.7,37.56680167,126.9966063,을지로_신한은행앞
공휴일,4,3,7,청계8가 노상공영주차장,청계8가,16시,16:08,16:31,16:08,16:08,16:31,23,3,20.0,20.0,37.56980089,127.0163871,을지로_하나은행앞
공휴일,4,3,8,청계3 노상공영주차장(코리아몰 앞),청계3_코리아몰앞,17시,17:25,18:23,17:38,17:38,18:23,45,6,40.0,40.0,37.56896427,127.0020909,청계8가
공휴일,4,3,9,기업은행 무교지점 앞 가로등형 충전소,기업은행_무교지점,19시,19:28,20:14,19:28,19:28,20:13,45,3,20.0,20.0,37.56762877,126.9795662,청계3_코리아몰앞
공휴일,4,3,10,훈련원공원 노상공영주차장,훈련원공원,20시,20:13,21:57,20:54,20:54,21:39,45,4,26.7,26.7,37.56692913,127.0043893,기업은행_무교지점
공휴일,4,4,1,훈련원공원 노상공영주차장,훈련원공원,08시,08:41,09:21,08:41,08:41,09:20,39,4,26.7,26.7,37.56692913,127.0043893,청계3_코리아몰앞
공휴일,4,4,2,을지로 노상공영주차장(신한은행 앞),을지로_신한은행앞,11시,11:34,12:01,11:34,11:34,12:00,26,4,26.7,26.7,37.56710245,127.0017882,훈련원공원
공휴일,4,4,3,훈련원공원 노상공영주차장,훈련원공원,12시,12:19,13:42,12:26,12:26,13:11,45,4,26.7,26.7,37.56692913,127.0043893,을지로_신한은행앞
공휴일,4,4,4,훈련원공원 노상공영주차장,훈련원공원,13시,13:30,14:06,13:30,13:30,14:06,36,4,26.7,26.7,37.56692913,127.0043893,훈련원공원
공휴일,4,4,5,을지로 노상공영주차장(하나은행 앞),을지로_하나은행앞,14시,14:19,15:04,14:19,14:19,15:04,45,5,33.3,33.3,37.56680167,126.9966063,훈련원공원
공휴일,4,4,6,청계5 노상공영주차장,청계5,15시,15:45,15:52,15:45,15:45,15:52,7,3,20.0,20.0,37.5681412,127.0024362,을지로_하나은행앞
공휴일,4,4,7,훈련원공원 노상공영주차장,훈련원공원,16시,16:25,17:19,16:34,16:34,17:19,45,6,40.0,40.0,37.56692913,127.0043893,청계5
공휴일,4,4,8,을지로 노상공영주차장(하나은행 앞),을지로_하나은행앞,17시,17:30,18:50,17:34,17:34,18:19,45,3,20.0,20.0,37.56680167,126.9966063,훈련원공원
공휴일,4,4,9,훈련원공원 노상공영주차장,훈련원공원,18시,18:32,19:24,18:39,18:39,19:24,45,4,26.7,26.7,37.56692913,127.0043893,을지로_하나은행앞
공휴일,4,4,10,청계3 노상공영주차장(코리아몰 앞),청계3_코리아몰앞,20시,20:34,21:13,20:34,20:34,21:13,39,4,26.7,26.7,37.56896427,127.0020909,훈련원공원
공휴일,5,1,1,기업은행 무교지점 앞 가로등형 충전소,기업은행_무교지점,06시,06:38,07:19,06:38,06:38,07:19,41,2,13.3,13.3,37.56762877,126.9795662,청계3_코리아몰앞
공휴일,5,1,2,훈련원공원 노상공영주차장,훈련원공원,07시,07:43,08:05,07:43,07:43,08:05,22,3,20.0,20.0,37.56692913,127.0043893,기업은행_무교지점
공휴일,5,1,3,훈련원공원 노상공영주차장,훈련원공원,08시,08:41,09:21,08:41,08:41,09:20,39,4,26.7,26.7,37.56692913,127.0043893,훈련원공원
공휴일,5,1,4,기업은행 무교지점 앞 가로등형 충전소,기업은행_무교지점,10시,10:25,11:34,10:25,10:25,11:10,45,2,13.3,13.3,37.56762877,126.9795662,훈련원공원
공휴일,5,1,5,훈련원공원 노상공영주차장,훈련원공원,11시,11:11,12:23,11:20,11:20,12:05,45,4,26.7,26.7,37.56692913,127.0043893,기업은행_무교지점
공휴일,5,1,6,훈련원공원 노상공영주차장,훈련원공원,12시,12:19,13:42,12:26,12:26,13:11,45,4,26.7,26.7,37.56692913,127.0043893,훈련원공원
공휴일,5,1,7,기업은행 무교지점 앞 가로등형 충전소,기업은행_무교지점,13시,13:40,14:16,13:40,13:40,14:16,36,2,13.3,13.3,37.56762877,126.9795662,훈련원공원
공휴일,5,1,8,기업은행 무교지점 앞 가로등형 충전소,기업은행_무교지점,14시,14:15,15:05,14:20,14:20,15:05,45,4,26.7,26.7,37.56762877,126.9795662,기업은행_무교지점
공휴일,5,1,9,훈련원공원 노상공영주차장,훈련원공원,15시,15:26,15:56,15:26,15:26,15:56,30,6,40.0,40.0,37.56692913,127.0043893,기업은행_무교지점
공휴일,5,1,10,기업은행 무교지점 앞 가로등형 충전소,기업은행_무교지점,17시,17:44,19:04,17:44,17:44,18:29,45,2,13.3,13.3,37.56762877,126.9795662,훈련원공원
공휴일,5,1,11,청계3 노상공영주차장(코리아몰 앞),청계3_코리아몰앞,20시,20:34,21:13,20:34,20:34,21:13,39,4,26.7,26.7,37.56896427,127.0020909,기업은행_무교지점
공휴일,5,1,12,훈련원공원 노상공영주차장,훈련원공원,21시,21:30,21:42,21:30,21:30,21:42,12,3,20.0,20.0,37.56692913,127.0043893,청계3_코리아몰앞
공휴일,5,2,1,훈련원공원 노상공영주차장,훈련원공원,09시,09:23,10:21,09:23,09:23,10:08,45,4,26.7,26.7,37.56692913,127.0043893,청계3_코리아몰앞
공휴일,5,2,2,기업은행 무교지점 앞 가로등형 충전소,기업은행_무교지점,12시,12:23,12:45,12:23,12:23,12:45,22,3,20.0,20.0,37.56762877,126.9795662,훈련원공원
공휴일,5,2,3,을지로 노상공영주차장(하나은행 앞),을지로_하나은행앞,13시,13:41,14:34,13:49,13:49,14:34,45,7,46.7,46.7,37.56680167,126.9966063,기업은행_무교지점
공휴일,5,2,4,청계8가 노상공영주차장,청계8가,16시,16:08,16:31,16:08,16:08,16:31,23,3,20.0,20.0,37.56980089,127.0163871,을지로_하나은행앞
공휴일,5,2,5,청계3 노상공영주차장(코리아몰 앞),청계3_코리아몰앞,17시,17:25,18:23,17:38,17:38,18:23,45,6,40.0,40.0,37.56896427,127.0020909,청계8가
공휴일,5,2,6,청계3 노상공영주차장(코리아몰 앞),청계3_코리아몰앞,18시,18:25,18:54,18:25,18:25,18:54,29,3,20.0,20.0,37.56896427,127.0020909,청계3_코리아몰앞
공휴일,5,2,7,훈련원공원 노상공영주차장,훈련원공원,20시,20:13,21:57,20:54,20:54,21:39,45,4,26.7,26.7,37.56692913,127.0043893,청계3_코리아몰앞
공휴일,5,3,1,청계3 노상공영주차장(코리아몰 앞),청계3_코리아몰앞,08시,08:37,09:08,08:37,08:37,09:08,31,3,20.0,20.0,37.56896427,127.0020909,청계3_코리아몰앞
공휴일,5,3,2,을지로 노상공영주차장(신한은행 앞),을지로_신한은행앞,11시,11:34,12:01,11:34,11:34,12:00,26,4,26.7,26.7,37.56710245,127.0017882,청계3_코리아몰앞
공휴일,5,3,3,청계3 노상공영주차장(코리아몰 앞),청계3_코리아몰앞,12시,12:14,13:22,12:23,12:23,13:08,45,7,46.7,46.7,37.56896427,127.0020909,을지로_신한은행앞
공휴일,5,3,4,을지로 노상공영주차장(신한은행 앞),을지로_신한은행앞,13시,13:29,13:46,13:29,13:29,13:46,17,4,26.7,26.7,37.56710245,127.0017882,청계3_코리아몰앞
공휴일,5,3,5,을지로 노상공영주차장(하나은행 앞),을지로_하나은행앞,14시,14:19,15:04,14:19,14:19,15:04,45,5,33.3,33.3,37.56680167,126.9966063,을지로_신한은행앞
공휴일,5,3,6,훈련원공원 노상공영주차장,훈련원공원,16시,16:25,17:19,16:34,16:34,17:19,45,6,40.0,40.0,37.56692913,127.0043893,을지로_하나은행앞
공휴일,5,4,1,을지로 노상공영주차장(하나은행 앞),을지로_하나은행앞,09시,09:11,09:56,09:11,09:11,09:56,45,3,20.0,20.0,37.56680167,126.9966063,청계3_코리아몰앞
공휴일,5,4,2,청계3 노상공영주차장(코리아몰 앞),청계3_코리아몰앞,10시,10:30,11:12,10:30,10:30,11:12,42,5,33.3,33.3,37.56896427,127.0020909,을지로_하나은행앞
공휴일,5,4,3,을지로 노상공영주차장(하나은행 앞),을지로_하나은행앞,12시,12:42,13:00,12:42,12:42,13:00,18,3,20.0,20.0,37.56680167,126.9966063,청계3_코리아몰앞
공휴일,5,4,4,청계3 노상공영주차장(코리아몰 앞),청계3_코리아몰앞,13시,13:10,13:59,13:14,13:14,13:59,45,4,26.7,26.7,37.56896427,127.0020909,을지로_하나은행앞
공휴일,5,4,5,청계3 노상공영주차장(코리아몰 앞),청계3_코리아몰앞,14시,14:28,14:58,14:28,14:28,14:58,30,9,60.0,60.0,37.56896427,127.0020909,청계3_코리아몰앞
공휴일,5,4,6,청계5 노상공영주차장,청계5,15시,15:45,15:52,15:45,15:45,15:52,7,3,20.0,20.0,37.5681412,127.0024362,청계3_코리아몰앞
공휴일,5,4,7,을지로 노상공영주차장(하나은행 앞),을지로_하나은행앞,17시,17:30,18:50,17:34,17:34,18:19,45,3,20.0,20.0,37.56680167,126.9966063,청계5
공휴일,5,4,8,기업은행 무교지점 앞 가로등형 충전소,기업은행_무교지점,19시,19:28,20:14,19:28,19:28,20:13,45,3,20.0,20.0,37.56762877,126.9795662,을지로_하나은행앞
공휴일,5,4,9,청계5 노상공영주차장,청계5,20시,20:30,20:48,20:30,20:30,20:48,18,4,26.7,26.7,37.5681412,127.0024362,기업은행_무교지점
공휴일,5,5,1,기업은행 무교지점 앞 가로등형 충전소,기업은행_무교지점,07시,07:56,08:42,07:56,07:56,08:41,45,2,13.3,13.3,37.56762877,126.9795662,청계3_코리아몰앞
공휴일,5,5,2,을지로 노상공영주차장(하나은행 앞),을지로_하나은행앞,10시,10:09,10:46,10:09,10:09,10:46,37,3,20.0,20.0,37.56680167,126.9966063,기업은행_무교지점
공휴일,5,5,3,청계3 노상공영주차장(코리아몰 앞),청계3_코리아몰앞,11시,11:46,12:23,11:46,11:46,12:23,37,4,26.7,26.7,37.56896427,127.0020909,을지로_하나은행앞
공휴일,5,5,4,훈련원공원 노상공영주차장,훈련원공원,13시,13:30,14:06,13:30,13:30,14:06,36,4,26.7,26.7,37.56692913,127.0043893,청계3_코리아몰앞
공휴일,5,5,5,을지로 노상공영주차장(신한은행 앞),을지로_신한은행앞,14시,14:32,15:06,14:32,14:32,15:06,34,7,46.7,46.7,37.56710245,127.0017882,훈련원공원
공휴일,5,5,6,청계3 노상공영주차장(코리아몰 앞),청계3_코리아몰앞,15시,15:44,16:08,15:44,15:44,16:08,24,7,46.7,46.7,37.56896427,127.0020909,을지로_신한은행앞
공휴일,5,5,7,청계3 노상공영주차장(코리아몰 앞),청계3_코리아몰앞,16시,16:11,16:55,16:12,16:12,16:55,43,4,26.7,26.7,37.56896427,127.0020909,청계3_코리아몰앞
공휴일,5,5,8,훈련원공원 노상공영주차장,훈련원공원,17시,17:35,18:30,17:37,17:37,18:22,45,3,20.0,20.0,37.56692913,127.0043893,청계3_코리아몰앞
공휴일,5,5,9,훈련원공원 노상공영주차장,훈련원공원,18시,18:32,19:24,18:39,18:39,19:24,45,4,26.7,26.7,37.56692913,127.0043893,훈련원공원
